Language,Topic,User Role,Model Role,Power Distance,Register,Pragmatic Genre,Sensitivity,User Utterance,Context,Candidates
Urdu,Refusing Offers,میزبان,مہمان,Medium,Formal,Gratitude + indirect refusal,Positive,اور سالن لے لیجیے، ابھی گرم ہے۔,آپ ایک دعوت میں مہمان ہیں۔ کھانے کے دوران میزبان آپ کو مزید سالن پیش کرتا ہے۔,آپ کی بڑی مہربانی، واقعی بہت مزیدار تھا، مگر اب بالکل گنجائش نہیں رہی۔
,,,,,,,,اور سالن لے لیجیے، ابھی گرم ہے۔,آپ ایک دعوت میں مہمان ہیں۔ کھانے کے دوران میزبان آپ کو مزید سالن پیش کرتا ہے۔,نہیں، مجھے اور نہیں چاہیے۔ میں پہلے ہی کافی کھا چکا ہوں۔
,,,,,,,,,,سالن مزیدار ہے، لیکن اب میں مزید نہیں لے سکتا۔
Urdu,Refusing Offers,دوست,دوست,Low,Informal,Polite refusal,Negative,اور چائے بنوا دوں؟,آپ اپنے دوست کے گھر ملاقات کے لیے گئے ہیں۔ گفتگو کے دوران آپ کا دوست آپ کو مزید چائے پیش کرتا ہے۔,نہیں یار، تم نے پہلے ہی بہت خاطر داری کر لی ہے، مزید زحمت نہ کرو۔
,,,,,,,,اور چائے بنوا دوں؟,آپ اپنے دوست کے گھر ملاقات کے لیے گئے ہیں۔ گفتگو کے دوران آپ کا دوست آپ کو مزید چائے پیش کرتا ہے۔,نہیں یار، بس بہت ہو گئی، اب چھوڑو۔
,,,,,,,,,,نہیں یار، مت بناؤ، میں مزید چائے نہیں پیوں گا۔
Urdu,Refusing Offers,ساس,بہو,High,Formal,Deferential refusal,Positive,بیٹا، اور روٹی لے لو۔,آپ گھر میں کھانے کی میز پر موجود ہیں۔ کھانے کے دوران آپ کی ساس آپ کو مزید روٹی پیش کرتی ہیں۔,جی امی جان، بہت شکریہ، مگر واقعی اب مزید گنجائش نہیں رہی۔
,,,,,,,,بیٹا، اور روٹی لے لو۔,آپ گھر میں کھانے کی میز پر موجود ہیں۔ کھانے کے دوران آپ کی ساس آپ کو مزید روٹی پیش کرتی ہیں۔,نہیں امی، مجھے نہیں چاہیے، آپ بار بار کیوں کہہ رہی ہیں؟
,,,,,,,,,,نہیں امی جان، اب مزید روٹی نہیں چاہیے۔
Urdu,Refusing Offers,محلے کے بزرگ,پڑوسی,High,Formal,Respectful refusal,Neutral,بیٹا آؤ، میں تمہیں چھوڑ دیتا ہوں۔,محلے کے بزرگ آپ کو بازار جاتے ہوئے اپنی گاڑی میں ساتھ چلنے کی پیشکش کرتے ہیں، لیکن آپ نے پہلے ہی دوسری سواری کا انتظام کر لیا ہے۔,آپ کو زحمت ہوگی، میں نے ٹیکسی بک کر لی ہے، وہ بس آنے ہی والی ہے۔
,,,,,,,,بیٹا آؤ، میں تمہیں چھوڑ دیتا ہوں۔,محلے کے بزرگ آپ کو بازار جاتے ہوئے اپنی گاڑی میں ساتھ چلنے کی پیشکش کرتے ہیں، لیکن آپ نے پہلے ہی دوسری سواری کا انتظام کر لیا ہے۔,نہیں، مجھے آپ کے ساتھ نہیں جانا، میں اپنی گاڑی سے چلا جاؤں گا۔
,,,,,,,,,,جی، شکریہ، مگر میں نے اپنی سواری کا انتظام کر لیا ہے۔
Urdu,Refusing Offers,پروجیکٹ کوآرڈینیٹر,ملازم,Medium,Formal,Grateful refusal,Neutral,اگر تمہاری رپورٹ مکمل نہیں ہوئی تو میں تمہاری مدد کر دیتا ہوں۔,دفتر میں پروجیکٹ کوآرڈینیٹر آپ کے حصے کی رپورٹ خود مکمل کرنے کی پیشکش کرتے ہیں، لیکن آپ رپورٹ تقریباً مکمل کر چکے ہیں اور اسے خود جمع کروانا چاہتے ہیں۔,سر، میری رپورٹ مکمل ہونے والی ہے۔ آپ کی مدد کا بہت شکریہ۔
,,,,,,,,اگر تمہاری رپورٹ مکمل نہیں ہوئی تو میں تمہاری مدد کر دیتا ہوں۔,دفتر میں پروجیکٹ کوآرڈینیٹر آپ کے حصے کی رپورٹ خود مکمل کرنے کی پیشکش کرتے ہیں، لیکن آپ رپورٹ تقریباً مکمل کر چکے ہیں اور اسے خود جمع کروانا چاہتے ہیں۔,نہیں سر، میں خود کر لوں گا۔ آپ کو یہ کرنے کی ضرورت نہیں ہے۔
,,,,,,,,,,نہیں سر، شکریہ، میں اپنی رپورٹ خود مکمل کر لوں گا۔
Urdu,Refusing Offers,بڑے بھائی کا دوست,چھوٹا بھائی,Low,Informal,Polite refusal,Neutral,اگر کہو تو میں تمہیں گھر چھوڑ دیتا ہوں۔,آپ کے بڑے بھائی کا دوست آپ کو موٹر سائیکل پر گھر چھوڑنے کی پیشکش کرتا ہے، لیکن آپ نے پہلے ہی اپنے دوست کے ساتھ واپس جانے کا پروگرام بنا لیا ہے۔,بھائی، میں اپنے دوست کے ساتھ چلا جاؤں گا، آپ فکر نہ کریں۔
,,,,,,,,اگر کہو تو میں تمہیں گھر چھوڑ دیتا ہوں۔,آپ کے بڑے بھائی کا دوست آپ کو موٹر سائیکل پر گھر چھوڑنے کی پیشکش کرتا ہے، لیکن آپ نے پہلے ہی اپنے دوست کے ساتھ واپس جانے کا پروگرام بنا لیا ہے۔,نہیں بھائی، میں آپ کے ساتھ نہیں جاؤں گا۔ میرا دوست مجھے لے جائے گا۔
,,,,,,,,,,نہیں بھائی، میں نے دوست کے ساتھ جانے کا پروگرام بنایا ہوا ہے۔
Urdu,Refusing Offers,بزرگ,نوجوان,High,Formal,Respectful hesitation,Positive,یہ کتاب اپنے پاس رکھ لو، تمہارے کام آئے گی۔,آپ ایک بزرگ رشتہ دار سے ملاقات کر رہے ہیں۔ گفتگو کے دوران وہ آپ کو اپنی کتاب رکھنے کی پیشکش کرتے ہیں۔,آپ کی بہت مہربانی، مگر فی الحال میرے پاس اس موضوع کی کتاب موجود ہے، پھر بھی آپ کا بہت شکریہ۔
,,,,,,,,یہ کتاب اپنے پاس رکھ لو، تمہارے کام آئے گی۔,آپ ایک بزرگ رشتہ دار سے ملاقات کر رہے ہیں۔ گفتگو کے دوران وہ آپ کو اپنی کتاب رکھنے کی پیشکش کرتے ہیں۔,نہیں، مجھے اس کتاب کی ضرورت نہیں، آپ اپنے پاس ہی رکھیں۔
,,,,,,,,,,بہت شکریہ، لیکن فی الحال مجھے اس کتاب کی ضرورت نہیں ہے۔
Urdu,Refusing Offers,میزبان,مہمان,Medium,Formal,Face-saving refusal,Negative,اور میٹھا لے لیجیے۔,آپ ایک دعوت میں مہمان ہیں۔ کھانے کے بعد میزبان آپ کو مزید میٹھا پیش کرتا ہے۔,آپ کی بہت مہربانی، میٹھا بہت اچھا تھا، مگر اب مزید نہیں کھا سکوں گا، شکریہ۔
,,,,,,,,اور میٹھا لے لیجیے۔,آپ ایک دعوت میں مہمان ہیں۔ کھانے کے بعد میزبان آپ کو مزید میٹھا پیش کرتا ہے۔,نہیں، میرا پیٹ بھر گیا ہے، مزید نہیں کھاؤں گا۔
,,,,,,,,,,شکریہ، لیکن اب مزید میٹھا نہیں چاہیے۔
Urdu,Refusing Offers,استاد,طالب علم,Medium,Formal,Careful refusal,Neutral,اگر کسی حصے میں مشکل ہو تو میں مزید وضاحت کر سکتا ہوں۔,آپ کےاستاد سبق ختم ہونے کے بعد اضافی رہنمائی کی پیشکش کر رہے ہیں۔,بہت شکریہ سر، فی الحال میں خود کوشش کر لیتا ہوں، ضرورت ہوئی تو ضرور رہنمائی لوں گا۔
,,,,,,,,اگر کسی حصے میں مشکل ہو تو میں مزید وضاحت کر سکتا ہوں۔,آپ کےاستاد سبق ختم ہونے کے بعد اضافی رہنمائی کی پیشکش کر رہے ہیں۔,نہیں سر، مجھے کسی مدد کی ضرورت نہیں۔
,,,,,,,,,,نہیں سر، شکریہ، میں یہ خود کر لوں گا۔
Urdu,Refusing Offers,خالہ,بھانجا,High,Formal,Respectful refusal,Negative,رات یہیں رک جاؤ، صبح چلے جانا۔,آپ اپنی خالہ سے ملاقات کے بعد واپسی کی تیاری کر رہے ہیں۔ روانگی کے وقت وہ آپ کو رات رکنے کی پیشکش کرتی ہیں۔,خالہ جان، آپ کی بہت مہربانی، لیکن گھر پر میرا انتظار ہو رہا ہے، ان شاء اللہ پھر کسی دن زیادہ وقت گزاروں گا۔
,,,,,,,,رات یہیں رک جاؤ، صبح چلے جانا۔,آپ اپنی خالہ سے ملاقات کے بعد واپسی کی تیاری کر رہے ہیں۔ روانگی کے وقت وہ آپ کو رات رکنے کی پیشکش کرتی ہیں۔,نہیں خالہ، مجھے آج ہی جانا ہے، میں یہاں نہیں رک سکتا۔
,,,,,,,,,,بہت شکریہ خالہ جان، لیکن مجھے اب گھر جانا ہے۔
Urdu,Refusing Offers,پڑوسی,پڑوسی,Medium,Formal,Indirect refusal,Neutral,اگر آپ چاہیں تو میں بازار سے آپ کے لیے کچھ لے آؤں۔,آپ کے پڑوسی نے آپ کی سہولت کے لیے بازار سے کچھ لانے کی پیشکش کی ہے۔,آپ کی بہت مہربانی، لیکن میں خود انتظام کر لوں گا۔
,,,,,,,,اگر آپ چاہیں تو میں بازار سے آپ کے لیے کچھ لے آؤں۔,آپ کے پڑوسی نے آپ کی سہولت کے لیے بازار سے کچھ لانے کی پیشکش کی ہے۔,نہیں، مجھے کچھ نہیں چاہیے۔ آپ اپنے کام پر جائیں۔
,,,,,,,,,,شکریہ، لیکن میں نے خود بازار جانے کا سوچا ہے۔
Urdu,Refusing Offers,دوست,دوست,Low,Informal,Light refusal,Neutral,چل یار، ایک اور گیم کھیل لیتے ہیں۔,آپ اپنے دوست کے ساتھ وقت گزار رہے ہیں۔ کچھ دیر کھیلنے کے بعد وہ ایک اور گیم کھیلنے کی تجویز دیتا ہے۔,یار دل تو ہے، لیکن اب کافی دیر ہو گئی ہے، پھر کبھی آرام سے کھیلیں گے۔
,,,,,,,,چل یار، ایک اور گیم کھیل لیتے ہیں۔,آپ اپنے دوست کے ساتھ وقت گزار رہے ہیں۔ کچھ دیر کھیلنے کے بعد وہ ایک اور گیم کھیلنے کی تجویز دیتا ہے۔,نہیں یار، اب میرا موڈ نہیں ہے۔ تم اکیلے کھیل لو۔
,,,,,,,,,,یار، ابھی نہیں، اب مجھے گھر جانا ہے۔
,,,,,,,,چل یار، میرے ساتھ جم چل۔,آپ اپنے دوست سے ملاقات کر رہے ہیں۔ بات چیت کے دوران وہ آپ کو اپنے ساتھ جم جانے کی پیشکش کرتا ہے۔,نہیں یار، مجھے نہیں جانا۔ تم خود چلے جاؤ۔
Urdu,Refusing Offers,دوست,دوست,Low,Informal,Friendly refusal,Neutral,چل یار، میرے ساتھ جم چل۔,آپ اپنے دوست سے ملاقات کر رہے ہیں۔ بات چیت کے دوران وہ آپ کو اپنے ساتھ جم جانے کی پیشکش کرتا ہے۔,یار، آج تو نہیں ہو پائے گا، لیکن کسی دن ضرور چلیں گے۔
,,,,,,,,,,نہیں بھائی، میں نہیں جا رہا، تم چلے جاؤ۔
Urdu,Refusing Offers,ماموں,بھانجی,High,Formal,Deference,Negative,یہ رقم بھی رکھ لو، کبھی ضرورت پڑ سکتی ہے۔,آپ اپنے ماموں سے ملاقات کے بعد واپس جا رہی ہیں۔ روانگی کے وقت وہ آپ کو کچھ رقم دینے کی پیشکش کرتے ہیں۔,ماموں جان، آپ کی شفقت میرے لیے کافی ہے۔
,,,,,,,,یہ رقم بھی رکھ لو، کبھی ضرورت پڑ سکتی ہے۔,آپ اپنے ماموں سے ملاقات کے بعد واپس جا رہی ہیں۔ روانگی کے وقت وہ آپ کو کچھ رقم دینے کی پیشکش کرتے ہیں۔,نہیں ماموں، مجھے پیسوں کی ضرورت نہیں، آپ یہ واپس رکھیں۔
,,,,,,,,,,بہت شکریہ ماموں جان، لیکن میں فی الحال خود انتظام کر لوں گی۔
Urdu,Refusing Offers,میزبان,مہمان,Medium,Formal,Polite closure,Neutral,اور کچھ چاہیے ہو تو بتائیے گا۔,آپ ایک دعوت میں مہمان ہیں۔ ملاقات کے اختتام پر میزبان آپ کی مزید خدمت کی پیشکش کرتا ہے۔,بہت شکریہ، آپ نے پہلے ہی بہت عزت اور توجہ دی ہے، مزید کسی چیز کی ضرورت نہیں اب اجازت دیجیے۔
,,,,,,,,اور کچھ چاہیے ہو تو بتائیے گا۔,آپ ایک دعوت میں مہمان ہیں۔ ملاقات کے اختتام پر میزبان آپ کی مزید خدمت کی پیشکش کرتا ہے۔,نہیں، کچھ نہیں چاہیے۔ اب میں چلتا ہوں۔
,,,,,,,,,,شکریہ، لیکن اب مزید کسی چیز کی ضرورت نہیں ہے۔
Urdu,Refusing Offers,بزرگ خاتون,نوجوان,High,Formal,Respectful restraint,Positive,بیٹا، تھوڑا سا اور کھا لو، بہت کم کھایا ہے۔,آپ ایک خاندانی دعوت میں موجود ہیں۔ کھانے کے دوران بزرگ خاتون آپ کو مزید کھانا لینے پر زور دیتی ہیں۔,آپ کی محبت کا بہت شکریہ، میں نے بھرپور کھانا کھایا ہے، اب واقعی مزید گنجائش نہیں رہی۔
,,,,,,,,بیٹا، تھوڑا سا اور کھا لو، بہت کم کھایا ہے۔,آپ ایک خاندانی دعوت میں موجود ہیں۔ کھانے کے دوران بزرگ خاتون آپ کو مزید کھانا لینے پر زور دیتی ہیں۔,نہیں، میں نے جتنا کھانا تھا کھا لیا ہے، اب اور نہیں کھاؤں گا۔
,,,,,,,,,,بہت شکریہ، لیکن اب میں مزید نہیں کھا سکتا۔
Urdu,Refusing Offers,میزبان,مہمان,Medium,Formal,Soft refusal,Positive,چائے دوبارہ ڈال دوں؟,آپ ایک ملاقات میں مہمان ہیں۔ گفتگو کے دوران میزبان آپ کو مزید چائے پیش کرنے کی پیشکش کرتا ہے۔,بہت شکریہ، چائے بہت اچھی تھی، لیکن فی الحال یہی کافی ہے۔
,,,,,,,,چائے دوبارہ ڈال دوں؟,آپ ایک ملاقات میں مہمان ہیں۔ گفتگو کے دوران میزبان آپ کو مزید چائے پیش کرنے کی پیشکش کرتا ہے۔,نہیں، دوبارہ چائے نہیں چاہیے۔ یہی کافی ہے۔
,,,,,,,,,,بہت شکریہ، مگر اب مزید چائے کی ضرورت نہیں ہے۔
Urdu,Refusing Offers,چچا,بھتیجا,High,Formal,Deferential refusal,Negative,رات یہیں رک جاؤ، صبح آرام سے چلے جانا۔,آپ اپنے چچا کے گھر آئے ہوئے ہیں۔ واپسی کے وقت وہ آپ کو رات وہیں قیام کرنے کی پیشکش کرتے ہیں۔,چچا جان، آپ کی بہت مہربانی بہت مزہ آیا، لیکن گھر پر میرا انتظار ہو رہا ہے، ان شاء اللہ پھر کسی دن زیادہ وقت گزاروں گا۔
,,,,,,,,رات یہیں رک جاؤ، صبح آرام سے چلے جانا۔,آپ اپنے چچا کے گھر آئے ہوئے ہیں۔ واپسی کے وقت وہ آپ کو رات وہیں قیام کرنے کی پیشکش کرتے ہیں۔,نہیں چچا، میں نہیں رکوں گا۔ مجھے گھر جانا ہے۔
,,,,,,,,,,نہیں چچا جان، بہت شکریہ، لیکن میں آج رات نہیں رک سکوں گا۔
Urdu,Invitation to a Meal,افسر,ملازم,Medium,Formal,Professional refusal,Negative,آج دوپہر کے کھانے کی دعوت میری طرف سے ہے۔,دفتر میں ایک اہم منصوبہ مکمل ہونے پر آپ کے افسر پوری ٹیم کو دوپہر کے کھانے کی دعوت دیتے ہیں، لیکن آپ کی اسی وقت ایک پہلے سے طے شدہ ملاقات ہے۔,دعوت کا بہت شکریہ، مگر آج میری ایک اہم ملاقات ہے جسے میں چھوڑ نہیں سکتا۔
,,,,,,,,,,سر، شکریہ، لیکن میں آج کے کھانے میں شامل نہیں ہو سکتا۔
,,,,,,,,,,شکریہ، لیکن میں نہیں آ سکوں گا۔
Urdu,Invitation to a Meal,ماموں,بھانجا,Low,Informal,Tentative acceptance,Positive,آج دوپہر کا کھانا ہماری طرف کر لو۔,آپ کے ماموں آپ کو اپنے گھر دوپہر کے کھانے کی دعوت دیتے ہیں۔,جی ماموں، میں ضرور آؤں گا، اگر کوئی اور ضروری کام نہ نکل آیا۔
,,,,,,,,,,ماموں، میں آ جاؤں گا، اگر کوئی ضروری کام نہ ہوا تو۔
,,,,,,,,,,ماموں، ٹھیک ہے، اگر وقت ہوا تو آ جاؤں گا۔
Urdu,Invitation to a Meal,دوست,دوست,Medium,Informal,Courtesy + hesitation,Neutral,آج رات ہمارے ساتھ کھانا کھاؤ گے؟,آپ اپنے دوست سے ملاقات کے دوران گفتگو کر رہے ہیں۔ بات چیت کے اختتام پر وہ آپ کو رات کے کھانے کی دعوت دیتا ہے۔,بہت شکریہ یار، یہ تمہاری محبت ہے، کوشش کروں گا کہ ضرور آ سکوں۔
,,,,,,,,,,بہت شکریہ یار، لیکن دیکھتا ہوں، شاید آ سکوں۔
,,,,,,,,,,شکریہ یار، شاید آ جاؤں، دیکھتے ہیں۔
Urdu,Invitation to a Meal,پڑوسی,پڑوسی,Medium,Formal,Polite acceptance,Neutral,کل شام ہمارے گھر کھانے پر تشریف لائیے گا۔,آپ اپنے پڑوسی سے گفتگو کر رہے ہیں۔ وہ آپ کو اپنے گھر کھانے کی دعوت دیتے ہیں۔,بہت شکریہ، آپ کی دعوت میرے لیے باعثِ خوشی ہے، ان شاء اللہ ضرور آنے کی کوشش کروں گا۔
,,,,,,,,,,آپ کی مہربانی، وقت ہوا تو ضرور آ جاؤں گا۔
,,,,,,,,,,شکریہ، میں دیکھتا ہوں، اگر وقت ملا تو آ جاؤں گا۔
Urdu,Invitation to a Meal,چچا,بھتیجا,High,Formal,Deferential acceptance,Positive,اتوار کو ہمارے گھر کھانے پر ضرور آنا۔,آپ اپنے چچا سے ملاقات کے دوران گفتگو کر رہے ہیں۔ وہ آپ کو اتوار کے دن اپنے گھر کھانے کی دعوت دیتے ہیں۔,جی چچا جان، آپ نے یاد کیا یہ میرے لیے خوشی کی بات ہے، ان شاء اللہ ضرور آنے کی کوشش کروں گا۔
,,,,,,,,,,شکریہ چچا جان، آنے کی کوشش کروں گا۔
,,,,,,,,,,جی، بہت شکریہ، میں اتوار کو آنے کی کوشش کروں گا۔
Urdu,Invitation to a Meal,دوست,دوست,Low,Informal,Friendly courtesy,Neutral,یار، آج لنچ ہمارے ساتھ ہی کر لو۔,آپ اپنے دوست سے ملاقات کر رہے ہیں۔ گفتگو کے دوران وہ آپ کو اپنے ساتھ لنچ کرنے کی دعوت دیتا ہے۔,بہت شکریہ یار، اچھا لگے گا، دیکھتا ہوں وقت کیسے بنتا ہے۔
,,,,,,,,,,شکریہ یار، شاید آ جاؤں، دیکھتے ہیں۔
,,,,,,,,,,بہت شکریہ، اگر ممکن ہوا تو لنچ کر لیں گے۔
Urdu,Invitation to a Meal,ساس,داماد,High,Formal,Respectful acceptance,Negative,آج رات آپ ہمارے ساتھ کھانا ضرور کھائیے گا۔,آپ اپنی ساس سے ملاقات کے دوران گفتگو کر رہے ہیں۔ وہ آپ کو رات کے کھانے کی دعوت دیتی ہیں۔,بہت شکریہ، آپ کی محبت ہے، ان شاء اللہ ضرور آنے کی کوشش کروں گا۔
,,,,,,,,,,جی ساس صاحبہ، شکریہ، اگر ممکن ہوا تو ضرور آؤں گا۔
,,,,,,,,,,جی، آپ کا بہت شکریہ، میں کوشش کروں گا کہ ضرور آ سکوں۔
Urdu,Invitation to a Meal,کزن,کزن,Low,Formal,Polite acceptance,Negative,کل رات ہمارے ساتھ ڈنر کر لو۔,آپ اپنے کزن سے گفتگو کر رہے ہیں۔ بات چیت کے دوران وہ آپ کو اپنے ساتھ رات کا کھانا کھانے کی دعوت دیتا ہے۔,بہت شکریہ، اچھا لگے گا، ان شاء اللہ آنے کی کوشش کروں گا۔
,,,,,,,,,,بہت شکریہ، اگر ممکن ہوا تو آ جاؤں گا۔
,,,,,,,,,,میں دیکھتا ہوں، اگر وقت ملا تو آ جاؤں گا۔
Urdu,Invitation to a Meal,پڑوسی,پڑوسی,Medium,Formal,Courtesy,Neutral,آج شام ہمارے گھر ضرور آئیے، چائے اور کھانے کا انتظام ہے۔,آپ اپنے پڑوسی سے گفتگو کر رہے ہیں۔ بات چیت کے دوران وہ آپ کو اپنے گھر آنے اور ساتھ کھانا کھانے کی دعوت دیتے ہیں۔,بہت شکریہ، آپ کی محبت ہے، ان شاء اللہ آنے کی کوشش کروں گا۔
,,,,,,,,,,بہت شکریہ، میں کوشش کروں گا کہ آ سکوں۔
,,,,,,,,,,آپ کی مہربانی، اگر وقت ملا تو آ جاؤں گا۔
Urdu,Invitation to a Meal,دوست,دوست,Low,Informal,Friendly,Positive,یار، گھر آؤ، کھانا ساتھ کھائیں گے۔,آپ اپنے دوست سے گفتگو کر رہے ہیں۔ بات چیت کے دوران وہ آپ کو اپنے گھر کھانے کی دعوت دیتا ہے۔,یار، اچھا لگے گا، ان شاء اللہ ملتے ہیں۔
,,,,,,,,,,ہاں یار، ٹھیک ہے، دیکھتا ہوں کب آ سکتا ہوں۔
,,,,,,,,,,ٹھیک ہے یار، اگر وقت ملا تو آ جاؤں گا۔
Urdu,Invitation to a Meal,استاد,طالب علم,Medium,Formal,Respectful Acceptance,Negative,اگر وقت ہو تو آج ہمارے ساتھ دوپہر کا کھانا کھا لینا۔,آپ اپنے استاد سے تعلیمی سرگرمی کے بعد گفتگو کر رہے ہیں۔ بات چیت کے دوران وہ آپ کو دوپہر کے کھانے کی دعوت دیتے ہیں۔,سر، آپ نے یاد کیا یہی میرے لیے کافی ہے، لیکن آج پہلے سے ایک مصروفیت ہے۔
,,,,,,,,,,بہت شکریہ سر، لیکن آج میرے لیے ممکن نہیں ہوگا۔
,,,,,,,,,,شکریہ سر، لیکن آج میں مصروف ہوں۔
Urdu,Invitation to a Meal,ماموں,بھانجی,High,Formal,Deference,Positive,ہفتے کو ہمارے گھر ضرور آنا، سب تمہارا انتظار کریں گے۔,آپ اپنے ماموں سے گفتگو کر رہی ہیں۔ بات چیت کے دوران وہ آپ کو ہفتے کے دن اپنے گھر آنے کی دعوت دیتے ہیں۔,جی ماموں جان، آپ نے یاد کیا، ان شاء اللہ ضرور آؤں گی۔
,,,,,,,,,,جی ماموں جان، آپ کا شکریہ، اگر ممکن ہوا تو ضرور آؤں گی۔
,,,,,,,,,,شکریہ ماموں جان، میں ہفتے کو آنے کی کوشش کروں گی۔
Urdu,Invitation to a Meal,دوست,دوست,Low,Informal,Friendly Refusal,Negative,ڈنر پر چلیں؟,آپ اپنے دوست سے گفتگو کر رہے ہیں۔ بات چیت کے دوران وہ آپ کو ساتھ ڈنر کرنے کی دعوت دیتا ہے۔,معذرت کے ساتھ میں آج تھوڑا مصروف ہوں، کسی اور دن کا پلان بناتے ہیں۔
,,,,,,,,,,یار، آج مصروف ہوں، کسی اور دن چلتے ہیں۔
,,,,,,,,,,یار، آج نہیں، پھر کبھی چلیں گے۔
Urdu,Invitation to a Meal,پڑوسی,پڑوسی,Medium,Formal,Polite acknowledgment,Neutral,آج شام ہمارے گھر آ جائیے، سب مل کر کھانا کھائیں گے۔,آپ اپنے پڑوسی سے گفتگو کر رہے ہیں۔ بات چیت کے دوران وہ آپ کو اپنے گھر کھانے کی دعوت دیتے ہیں۔,ماشاء اللہ، اچھا لگے گا، ان شاء اللہ شریک ہونے کی کوشش کروں گا۔
,,,,,,,,,,شکریہ، میں کوشش کروں گا کہ آج شام آ سکوں۔
,,,,,,,,,,شکریہ، شاید آج شام آ سکوں۔
Urdu,Invitation to a Meal,خالہ,بھانجی,High,Formal,Respectful,Positive,کل کھانے پر آنا۔,آپ اپنی خالہ سے گفتگو کر رہی ہیں۔ بات چیت کے دوران وہ آپ کو اگلے دن کھانے کی دعوت دیتی ہیں۔,خالہ جان، آپ نے یاد کیا، یہ میرے لیے خوشی کی بات ہے، ان شاء اللہ ضرور آؤں گی۔
,,,,,,,,,,خالہ جان، بہت شکریہ، اگر ممکن ہوا تو کل آ جاؤں گی۔
,,,,,,,,,,جی، ان شاء اللہ کل آنے کی کوشش کروں گی۔
Urdu,Invitation to a Meal,دوست,دوست,Low,Formal,Friendly acceptance,Negative,آج باہر کھانا کھاتے ہیں۔,آپ اپنے دوست سے گفتگو کر رہے ہیں۔ بات چیت کے دوران وہ آپ کو باہر کھانا کھانے کی تجویز دیتا ہے۔,یہ اچھی تجویز ہے، ساتھ کچھ وقت بھی گزار لیں گے۔
,,,,,,,,,,اچھا ہے، پھر چلتے ہیں۔
,,,,,,,,,,اگر وقت ملا تو ساتھ کھانا کھا لیں گے۔
Urdu,Invitation to a Meal,محلے کی آنٹی,پڑوس کی لڑکی,High,Formal,Apologetic refusal,Negative,بیٹا، آج شام کھانے پر ضرور آنا۔,محلے کی آنٹی شام کو اپنے گھر کھانے کی دعوت دیتی ہیں۔ آپ کی پہلے سے ایک خاندانی مصروفیت ہے۔,آنٹی، معذرت چاہتی ہوں، میں مصروفیت کی وجہ سے نہیں آ سکوں گی۔
,,,,,,,,,,آنٹی، آج مشکل ہے، نہیں آ سکتی۔
,,,,,,,,,,آنٹی، شکریہ۔ وقت ملا تو آؤں گی۔
Urdu,Invitation to a Meal,بزرگ,نوجوان,High,Formal,Deferential,Positive,بیٹا، آج ہمارے ساتھ کھانا کھا لو۔,آپ ایک سماجی موقع پر بزرگ سے گفتگو کر رہے ہیں۔ بات چیت کے دوران وہ آپ کو اپنے ساتھ کھانے کی دعوت دیتے ہیں۔,آپ کی محبت کا شکریہ آپ نے فرمایا ہے تو ضرور شامل ہوں گا۔
,,,,,,,,,,جی، شکریہ، اگر وقت ہوا تو آپ کے ساتھ کھانا کھا لوں گا۔
,,,,,,,,,,جی، شکریہ، اگر میرا وقت ہوا تو ضرور آ جاؤں گا۔
Urdu,Declining Gifts,بزرگ,نوجوان,High,Formal,Indirect refusal,Neutral,یہ رقم رکھ لو۔,آپ ایک بزرگ سے ملاقات کر رہے ہیں۔ گفتگو کے اختتام پر وہ آپ کو کچھ رقم دینے کی پیشکش کرتے ہیں۔,آپ کی دعائیں اور شفقت ہی میرے لیے کافی ہیں، فی الحال اس کی ضرورت نہیں۔
,,,,,,,,,,شکریہ، مگر ابھی مجھے پیسوں کی ضرورت نہیں ہے۔
,,,,,,,,,,بہت شکریہ، مگر میں یہ رقم ابھی نہیں لے سکتا۔
Urdu,Declining Gifts,ساس,بہو,High,Formal,Respectful refusal,Positive,یہ چوڑیاں تمہارے لیے رکھی تھیں، لے لو۔,آپ اپنی ساس سے ملاقات کر رہی ہیں۔ گفتگو کے دوران وہ آپ کو چوڑیاں تحفے میں دینے کی پیشکش کرتی ہیں۔,امی جان، آپ کی محبت ہی میرے لیے کافی ہے  شکریہ۔
,,,,,,,,,,امی جان، شکریہ، مگر آپ یہ چوڑیاں اپنے پاس رکھیں۔
,,,,,,,,,,نہیں امی جان، شکریہ، مجھے چوڑیاں نہیں چاہئیں۔
Urdu,Declining Gifts,دوست,دوست,Low,Formal,Polite refusal,Neutral,یار، یہ چھوٹا سا تحفہ تمہارے لیے ہے۔,آپ اپنے دوست سے ملاقات کر رہے ہیں۔ گفتگو کے دوران وہ آپ کو ایک  تحفے دینا چاہتا ہے۔,تم نے یاد رکھا، یہی کافی ہے، اتنا تکلف کیوں کیا؟
,,,,,,,,,,شکریہ، لیکن میں یہ تحفہ اپنے پاس نہیں رکھوں گا۔
,,,,,,,,,,بہت شکریہ، لیکن میں یہ تحفہ نہیں لے سکتا۔
Urdu,Declining Gifts,ماموں,بھانجا,High,Formal,Deferential refusal,Neutral,یہ انگوٹھی خاندان کی نشانی ہے، تم رکھ لو۔,خاندانی گفتگو کے دوران آپ کے ماموں آپ کو ایک یادگاری انگوٹھی دینا چاہتے ہیں۔,ماموں جان، یہ آپ کے پاس ہی زیادہ مناسب لگتی ہے، آپ نے میرے بارے میں سوچا یہی میرے لیے اعزاز ہے۔
,,,,,,,,,,نہیں ماموں جان، شکریہ، آپ یہ اپنے پاس ہی رکھیں۔
,,,,,,,,,,ماموں جان، بہت شکریہ، لیکن میں یہ انگوٹھی نہیں لے سکتا۔
Urdu,Declining Gifts,پڑوسی,پڑوسی,Medium,Formal,Face-saving refusal,Negative,یہ چھوٹا سا تحفہ ہماری طرف سے قبول کیجیے۔,آپ کے پڑوسی ملاقات کے اختتام پر آپ کو ایک تحفہ دینا چاہتے ہیں۔,آپ کی محبت سر آنکھوں پر، مگر آپ کی نیک نیتی ہی میرے لیے کافی ہے۔
,,,,,,,,,,بہت شکریہ، مگر فی الحال مجھے اس تحفے کی ضرورت نہیں ہے۔
,,,,,,,,,,شکریہ، مگر میں یہ تحفہ قبول کرنے سے معذرت چاہتا ہوں۔
Urdu,Declining Gifts,استاد,طالب علم,Medium,Formal,Respectful decline,Positive,یہ کتاب تمہارے لیے بطور انعام لایا ہوں۔,آپ کے استاد آپ کی تعلیمی کارکردگی سے خوش ہو کر آپ کو ایک کتاب دینا چاہتے ہیں۔,سر، آپ نے مجھے اس قابل سمجھا، یہی میرے لیے بڑی بات ہے۔
,,,,,,,,,,سر، بہت شکریہ، لیکن میں یہ کتاب قبول نہیں کر سکتا۔
,,,,,,,,,,سر، شکریہ، لیکن میں یہ کتاب نہیں لوں گا۔
Urdu,Declining Gifts,کزن,کزن,Low,Informal,Soft refusal,Neutral,یار، یہ  تحفہ تمہارے لیے لایا ہوں، رکھ لو۔,آپ اپنے کزن سے ملاقات کر رہے ہیں۔ گفتگو کے دوران وہ آپ کو ایک تحفہ دینا چاہتا ہے۔,تم نے یاد رکھا، یہی میرے لیے بڑی بات ہے، اتنا تکلف نہ کرتے۔
,,,,,,,,,,یار، بہت شکریہ، لیکن ابھی یہ تحفہ نہیں لے سکتا۔
,,,,,,,,,,یار، شکریہ، لیکن مجھے یہ تحفہ نہیں چاہیے۔
Urdu,Declining Gifts,بڑی بہن,چھوٹی بہن,Medium,Formal,Gentle refusal,Positive,یہ اسکارف تمہارے لیے لیا تھا، رکھ لو۔,آپ کی بڑی بہن آپ کو ایک اسکارف تحفے میں دینا چاہتی ہیں۔,آپی، آپ کی محبت اپنی جگہ، لیکن اس کی واقعی ضرورت نہیں تھی۔
,,,,,,,,,,آپی، مجھے اس اسکارف کی ضرورت نہیں ہے۔
,,,,,,,,,,آپی، لیکن یہ اسکارف میرے کام کا نہیں ہے۔
Urdu,Declining Gifts,دوست,دوست,Low,Informal,Polite refusal,Negative,یار، سفر سے تمہارے لیے ایک چیز لایا ہوں۔,آپ اپنے دوست سے ملاقات کر رہے ہیں۔ سفر سے واپسی پر وہ آپ کو ایک تحفہ دینا چاہتا ہے۔,ارے یار، بہت شکریہ، اتنی زحمت کرنے کی ضرورتہیں تھی ۔
,,,,,,,,,,ارے یار، شکریہ، لیکن میں یہ نہیں لینا چاہتا۔
,,,,,,,,,,یار، تم یہ واپس رکھ لو، مجھے اس کی ضرورت نہیں۔
Urdu,Declining Gifts,سسر,داماد,High,Formal,Respectful refusal,Negative,یہ کچھ رقم رکھ لیجیے، بعد میں کام آئے گی,آپ کے سسرملاقات کے اختتام پر آپ کو کچھ رقم دینا چاہتے ہیں۔,ابا جان، فی الحال ضرورت نہیں، آپ کا خیال ہی میرے لیے کافی ہے۔
,,,,,,,,,,ابا جان، بہت شکریہ، لیکن فی الحال مجھے ضرورت نہیں ہے۔
,,,,,,,,,,ابا جان، بہت شکریہ، لیکن میں یہ رقم ابھی نہیں لے سکتا۔
Urdu,Declining Gifts,پڑوسی,پڑوسی,Medium,Formal,Indirect refusal,Negative,یہ چھوٹا سا تحفہ ہماری طرف سے قبول کیجیے۔,آپ کے پڑوسی ملاقات کے اختتام پر آپ کو ایک تحفہ دینا چاہتے ہیں۔,آپ کی نیک نیتی ہی میرے لیے کافی ہے، اتنا تکلف نہ کرتے۔
,,,,,,,,,,بہت شکریہ، لیکن میں یہ تحفہ نہیں لے سکتا۔
,,,,,,,,,,آپ کا شکریہ، لیکن مجھے اس تحفے کی ضرورت نہیں ہے۔
Urdu,Declining Gifts,بزرگ,نوجوان,High,Formal,Deference,Negative,یہ کچھ رقم رکھ لو، سفر میں کام آئے گی۔,آپ کے سفر پررخصت ہوتے وقت ایک بزرگ آپ کو کچھ رقم دینا چاہتے ہیں۔,آپ کی دعا ہی میرے لیے  کافی ہے بہت شکریہ اسکی ضرورت نہیں۔
,,,,,,,,,,آپ کی بہت مہربانی، لیکن فی الحال مجھے اس کی ضرورت نہیں ہے۔
,,,,,,,,,,آپ کا بہت شکریہ، لیکن میں یہ رقم نہیں لے سکتا۔
Urdu,Declining Gifts,نند,بھابھی,Medium,Formal,Soft decline,Neutral,بھابھی، یہ شال آپ کے لیے لائی ہوں۔,آپ کی نند آپ کو خاندانی ملاقات کے دوران ایک شال تحفے میں دینا چاہتی ہیں۔,تم نے میرے لیے سوچا، یہی میرے لیے خوشی کی بات ہے، اتنا تکلف نہ کرتی۔
,,,,,,,,,,بھابھی، بہت شکریہ، لیکن مجھے اس شال کی ضرورت نہیں ہے۔
,,,,,,,,,,بھابھی، شکریہ، لیکن میں یہ شال نہیں لے سکتی۔
Urdu,Declining Gifts,استاد,شاگرد,High,Formal,Respect,Positive,یہ خصوصی انعام تمہارے لیے ہے۔,آپ کے استاد آپ کی کارکردگی سے خوش ہو کر آپ کو انعام دینا چاہتے ہیں۔,سر، آپ کی حوصلہ افزائی ہی میرے لیے بڑی بات ہے۔
,,,,,,,,,,سر، شکریہ، لیکن مجھے اس انعام کی ضرورت نہیں ہے۔
,,,,,,,,,,سر، شکریہ، لیکن میں یہ انعام نہیں لے سکتا۔
Urdu,Declining Gifts,بزرگ خاتون,نوجوان,High,Formal,Respectful restraint,Positive,یہ سویٹر تمہارے لیے بنایا تھا، رکھ لو۔,آپ کو ایک بزرگ خاتون اپنے ہاتھ سے بنا ہوا سویٹردینا چاہتی ہیں۔,دادی جان، آپ نے اپنے ہاتھ سے بنایا، یہی میرے لیے سب سے بڑا تحفہ ہے، اتنی زحمت نہ کرتیں۔
,,,,,,,,,,دادی جان، بہت شکریہ، لیکن مجھے اس سویٹر کی ضرورت نہیں ہے۔
,,,,,,,,,,دادی جان، شکریہ، لیکن میں یہ سویٹر نہیں لے سکتا۔
Urdu,Declining Gifts,سسر,داماد,High,Formal,Deferential refusal,Neutral,بیٹا، میں یہ گھڑی تمہیں دینا چاہتا ہوں۔,عید کی ملاقات پر آپ کے سسر آپ کو ایک قیمتی گھڑی بطور تحفہ دینا چاہتے ہیں۔,ابّا جان، آپ کی دعائیں ہی میرے لیے کافی ہیں، مجھے اس کے علاوہ کچھ نہیں چاہیے۔
,,,,,,,,,,ابّا جان، بہت شکریہ، لیکن میں یہ گھڑی قبول نہیں کر سکتا۔
,,,,,,,,,,ابّا جان، شکریہ، لیکن مجھے یہ گھڑی نہیں چاہیے۔
Urdu,Declining Gifts,سینئر ساتھی,جونیئر ساتھی,Medium,Formal,Deferential refusal,Neutral,اس کامیابی کے موقع پر میری طرف سے تمہارے لیے ایک تحفہ بنتا ہے۔,کامیاب منصوبہ مکمل ہونے پر آپ کے سینئر ساتھی خوشی کے اظہار کے طور پر آپ کو ایک قیمتی تحفہ دینا چاہتے ہیں۔,سر، اس سب کی ضرورت نہیں، بس آپ کی رہنمائی ہی میرے لیے کافی ہے۔
,,,,,,,,,,سر، بہت شکریہ، لیکن میں یہ تحفہ قبول نہیں کر سکتا۔
,,,,,,,,,,سر، شکریہ، لیکن مجھے اس تحفے کی ضرورت نہیں ہے۔
Urdu,Declining Gifts,بڑی بہن,چھوٹی بہن,Low,Informal,Soft decline,Positive,میں یہ تمہارے لیے خرید رہی ہوں۔,آپ کی بڑی بہن خریداری کے دوران آپ کے لیے ایک مہنگا لباس خریدنے پر اصرار کرتی ہیں۔,باجی، شکریہ، لیکن اس سب کی ضرورت نہیں ہے۔
,,,,,,,,,,باجی، یہ لباس میرے لیے مت خریدیں۔
,,,,,,,,,,باجی، مجھے یہ لباس نہیں چاہیے، آپ رہنے دیں۔
Urdu,Receiving Gifts,خالہ,بھانجی,Medium,Formal,Modesty,Neutral,یہ تمہارے لیے ایک چھوٹا سا تحفہ ہے۔,آپ اپنی خالہ سے ملاقات کر رہی ہیں۔ گفتگو کے دوران وہ آپ کو ایک تحفہ دیتی ہیں۔,خالہ جان، آپ نے بہت محبت سے دیا ہے، آپ کا خلوص ہی میرے لیے کافی ہے بہت شکریہ۔
,,,,,,,,,,خالہ جان، شکریہ، یہ تحفہ مجھے پسند آیا۔
,,,,,,,,,,خالہ جان، بہت شکریہ، میں یہ تحفہ خوشی سے رکھ لوں گی۔
Urdu,Receiving Gifts,قریبی دوست,قریبی دوست,Low,Informal,Appreciation with modesty,Negative,یار، یہ تحفہ تمہارے لیے خاص طور پر لیا تھا۔,آپ کا قریبی دوست ملاقات کے دوران آپ کو ایک تحفہ دیتا ہے۔,ارے یار، اس کی کیا ضرورت تھی؟ پھر بھی تم نے یاد رکھا، اچھا لگا۔
,,,,,,,,,,یار، شکریہ، تحفہ واقعی اچھا ہے۔
,,,,,,,,,,ارے یار، بہت شکریہ، مجھے یہ تحفہ بہت اچھا لگا۔
Urdu,Receiving Gifts,دادی,پوتی,High,Formal,Modest gratitude,Positive,بیٹا، میں یہ جوڑا تمہارے لیے لائی ہوں۔,عید کی ملاقات پر آپ کی دادی محبت سے آپ کو ایک خوبصورت جوڑا بطور تحفہ دیتی ہیں۔,دادی جان، یہ بہت خوبصورت ہے، مگر میرے لیے آپ کی دعائیں ہی سب سے قیمتی ہیں۔
,,,,,,,,,,دادی جان، یہ جوڑا مجھے بہت اچھا لگا۔
,,,,,,,,,,دادی ، یہ بہت اچھا جوڑا ہے، میں رکھ لوں گی۔
Urdu,Receiving Gifts,سینئر ساتھی,جونیئر ساتھی,Medium,Formal,Humble gratitude,Positive,یہ لو، یہ تمہاری اچھی کارکردگی پر میری طرف سے ایک تحفہ ہے۔,کامیاب منصوبہ مکمل ہونے پر آپ کے سینئر ساتھی اپنی خوشی کے اظہار کے طور پر آپ کو ایک یادگاری تحفہ دیتے ہیں۔,سر، بہت شکریہ، مگر آپ کو اس کی تکلیف نہیں کرنی چاہیے تھی۔ یہ کامیابی تو ہم دونوں کی مشترکہ محنت کا نتیجہ ہے۔
,,,,,,,,,,سر، بہت شکریہ، مجھے یہ تحفہ بہت اچھا لگا۔
,,,,,,,,,,سر، شکریہ، یہ تحفہ مجھے بہت پسند آیا۔
Urdu,Receiving Gifts,قریبی دوست,قریبی دوست,Low,Informal,Humble gratitude,Positive,یہ میری طرف سے تمہارے لیے سالگرہ کا تحفہ ہے۔,آپ کی سالگرہ پر آپ کا قریبی دوست آپ کے لیے ایک تحفہ لے کر آیا ہے۔,ارے یار، تم آ گئے، میرے لیے یہی یہی کافی تھا۔
,,,,,,,,,,یار، شکریہ، اچھا تحفہ ہے، مجھے پسند آیا۔
,,,,,,,,,,ارے یار، بہت شکریہ، مجھے یہ تحفہ بہت اچھا لگا۔
Urdu,Receiving Gifts,ساس,بہو,High,Formal,Respectful gratitude,Positive,یہ کپڑے تمہارے لیے لائی ہوں۔,آپ کی ساس گھر میں ملاقات کے دوران آپ کو کپڑوں کا ایک جوڑا تحفے میں دیتی ہیں۔,امی جان، آپ نے میرے لیے اتنا خیال رکھا، یہ میرے لیے بہت خوشی کی بات ہے۔
,,,,,,,,,,امی جان، بہت شکریہ، مجھے یہ کپڑے بہت پسند آئے۔
,,,,,,,,,,امی جان، شکریہ، کپڑے بہت اچھے ہیں، میں رکھ لیتی ہوں۔
Urdu,Receiving Gifts,ماموں,بھانجا,High,Formal,Deference,Positive,یہ تمہارے لیے تحفہ ہے۔,آپ کے ماموں ملاقات کے دوران آپ کو ایک تحفہ دیتے ہیں۔,ماموں جان، آپ نے اتنا خیال رکھا، یہ میرے لیے بہت معنی رکھتا ہے۔
,,,,,,,,,,ماموں جان، بہت شکریہ، مجھے یہ تحفہ بہت اچھا لگا۔
,,,,,,,,,,ماموں جان، شکریہ، اچھا تحفہ ہے، میں رکھ لیتا ہوں۔
Urdu,Receiving Gifts,پڑوسی,پڑوسی,Medium,Formal,Grateful acceptance,Negative,یہ چھوٹا سا تحفہ ہماری طرف سے قبول کیجیے۔,آپ کے پڑوسی ایک خوشی کے موقع پر آپ کے گھر آئے ہیں۔ رخصت ہونے سے پہلے وہ آپ کو ایک تحفہ دیتے ہیں۔,آپ کا آنا ہی کافی تھا، لیکن پھر بھی بہت شکریہ۔
,,,,,,,,,,بہت شکریہ، آپ کا تحفہ مجھے بہت پسند آیا۔
,,,,,,,,,,بہت شکریہ، آپ نے تحفہ دیا، مجھے بہت اچھا لگا۔
Urdu,Receiving Gifts,استاد,طالب علم,Medium,Formal,Respectful acceptance,Neutral,یہ کتاب رکھ لو۔,آپ کے استاد آپ کی تعلیمی کارکردگی سے خوش ہو کر آپ کو ایک کتاب تحفے میں دیتے ہیں۔,سر، یہ میرے لیے اعزاز ہے، بہت شکریہ۔
,,,,,,,,,,سر، بہت شکریہ، مجھے یہ کتاب بہت اچھی لگی۔
,,,,,,,,,,سر، ٹھیک ہے، شکریہ، میں یہ کتاب رکھ لیتا ہوں۔
Urdu,Receiving Gifts,کزن,کزن,Low,Formal,Modesty,Negative,یہ تحفہ خاص تمہارے لیے لائی ہوں، رکھ لو۔,آپ اپنے کزن سے ملاقات کر رہی ہیں۔ گفتگو کے دوران وہ آپ کو ایک تحفہ پیش کرتی ہے۔,بہت شکریہ! تم نے اتنی محبت سے دیا ہے تو رکھ لیتی ہوں، ورنہ اس تکلف کی بالکل ضرورت نہیں تھی۔
,,,,,,,,,,بہت شکریہ، مجھے یہ تحفہ بہت پسند آیا، میں رکھ لیتی ہوں۔
,,,,,,,,,,شکریہ، یہ تحفہ اچھا ہے، میں رکھ لیتی ہوں۔
Urdu,Receiving Gifts,چچا,بھتیجا,High,Formal,Deference,Neutral,بیٹا، یہ میری طرف سے ایک چھوٹا سا تحفہ ہے، رکھ لو۔,آپ اپنے چچا سے ملاقات کر رہے ہیں۔ گفتگو کے اختتام پر وہ آپ کو محبت میں کوئی چیز یا تحفہ پیش کرتے ہیں۔,چچا جان، آپ نے میرے لیے اتنا سوچا، یہ میرے لیے بہت معنی رکھتا ہے۔
,,,,,,,,,,چچا جان، بہت شکریہ، مجھے یہ تحفہ بہت اچھا لگا۔
,,,,,,,,,,چچا جان، بہت شکریہ، میں یہ تحفہ رکھ لیتا ہوں۔
Urdu,Receiving Gifts,دوست,دوست,Low,Informal,Warm appreciation,Positive,یہ تمہارے لیے خاص تحفہ ہے۔,آپ کا دوست ملاقات کے دوران آپ کو ایک تحفہ دیتا ہے۔,یار، تم نے یاد رکھا، یہ میرے لیے واقعی خاص بات ہے۔
,,,,,,,,,,یار، بہت شکریہ، مجھے یہ تحفہ بہت اچھا لگا۔
,,,,,,,,,,ارے یار، شکریہ، تحفہ واقعی اچھا ہے۔
Urdu,Receiving Gifts,خالہ,بھانجا,High,Formal,Modest gratitude,Positive,یہ تمہارے لیے لائی ہوں۔,آپ کی خالہ ملاقات کے دوران آپ کو ایک تحفہ دیتی ہیں۔,خالہ جان، آپ نے اتنا خیال رکھا، یہ میرے لیے بہت خوشی کی بات ہے۔ اس شفقت کے لیے بہت شکریہ۔
,,,,,,,,,,خالہ جان، بہت شکریہ، مجھے یہ تحفہ بہت پسند آیا۔
,,,,,,,,,,خالہ جان، اچھا ہے، شکریہ، میں رکھ لیتا ہوں۔
Urdu,Receiving Gifts,سسر,داماد,High,Formal,Respectful gratitude,Negative,یہ تحفہ قبول کریں۔,آپ کے سسر ملاقات کے دوران آپ کو ایک تحفہ پیش کرتے ہیں۔,ابا جان، اس کی کیا ضرورت تھی، لیکن آپ نے اتنا خیال رکھا، میں شکر گزار ہوں۔
,,,,,,,,,,ابا جان، بہت شکریہ، مجھے یہ تحفہ بہت اچھا لگا۔
,,,,,,,,,,ابا جان، بہت شکریہ، آپ کی بہت مہربانی۔
Urdu,Receiving Gifts,پڑوسی,پڑوسی,Medium,Formal,Appreciation,Neutral,یہ ہماری طرف سے تحفہ ہے۔,آپ کے پڑوسی ملاقات کے دوران آپ کو ایک چھوٹا سا تحفہ پیش کرتے ہیں۔,آپ نے اتنا خیال رکھا، یہ میرے لیے بہت خوشی کی بات ہے۔
,,,,,,,,,,بہت شکریہ، آپ کا تحفہ مجھے بہت اچھا لگا۔
,,,,,,,,,,بہت شکریہ، یہ اچھا تحفہ ہے، مجھے پسند آیا۔
Urdu,Receiving Gifts,استاد,شاگرد,High,Formal,Humility,Neutral,یہ تمہاری محنت کا انعام ہے۔,ایک تعلیمی تقریب میں آپ کے استاد آپ کو اچھی کارکردگی پر انعام دیتے ہیں۔,سر، آپ نے مجھے اس قابل سمجھا، یہی میرے لیے سب سے بڑا اعزاز ہے۔
,,,,,,,,,,سر، بہت شکریہ، یہ میرے لیے بہت خوشی کی بات ہے۔
,,,,,,,,,,سر، بہت شکریہ، مجھے یہ انعام بہت اچھا لگا۔
Urdu,Receiving Gifts,قریبی دوست,قریبی دوست,Low,Informal,Modest thanks,Negative,یار، یہ ایک چھوٹی سی چیز تمہارے لیے لایا ہوں، رکھ لو۔,دوست کسی سفر سے واپسی پر پ کو کوئی تحفہ دیتا ہے۔,ارے یار! تم خود ملنے آ گئے میرے لیے یہی بہت تھا، اس تکلف کی کیا ضرورت تھی۔
,,,,,,,,,,ارے یار، بہت شکریہ، مجھے یہ تحفہ بہت اچھا لگا۔
,,,,,,,,,,ارے یار، بہت شکریہ، تم نے میرے لیے تحفہ لایا، بہت اچھا لگا۔
Urdu,Receiving Gifts,بزرگ,نوجوان,High,Formal,Deferential acceptance,Positive,بیٹا، یہ تمہارے لیے لایا ہوں، رکھ لو۔,ایک بزرگ سفر سے واپسی پر آپ کے لیے ایک چھوٹا سا تحفہ لاتے ہیں۔,آپ نے میرے لیے اتنا خیال رکھا، یہ میرے لیے بہت معنی رکھتا ہے۔
,,,,,,,,,,آپ کی بہت مہربانی، مجھے بہت خوشی ہوئی۔
,,,,,,,,,,بہت شکریہ، مجھے یہ تحفہ بہت اچھا لگا۔
Urdu,Offering Help,قریبی دوست,قریبی دوست,Low,Informal,Friendly offer,Positive,یار، کچھ مدد چاہیے؟,آپ کا قریبی دوست آپ کو کسی کام میں مصروف دیکھ کر مدد کی پیشکش کرتا ہے۔,یار، تم نے پوچھ لیا یہی بہت ہے، ضرورت ہوئی تو ضرور کہوں گا۔
,,,,,,,,,,یار، شکریہ، ابھی ضرورت نہیں ہے۔
,,,,,,,,,,یار، شکریہ، میں خود کر لوں گا۔
Urdu,Offering Help,دوست,دوست,Low,Informal,Casual offer,Neutral,میں ہاتھ بٹا دوں؟,آپ کسی کام میں مصروف ہیں۔ آپ کا دوست آپ کو کام کرتے دیکھ کر مدد کی پیشکش کرتا ہے۔,شکریہ یار، تم نے پوچھ لیا یہی کافی ہے، ابھی کام تقریباً ہو گیا ہے۔
,,,,,,,,,,یار، شکریہ، لیکن میں خود کر لوں گا۔
,,,,,,,,,,نہیں یار، ابھی ضرورت نہیں، میں خود کر رہا ہوں۔
Urdu,Offering Help,پڑوسی,پڑوسی,Medium,Formal,Polite offer,Positive,اگر آپ چاہیں تو میں مدد کر دوں۔,آپ کسی گھریلو کام میں مصروف ہیں۔ آپ کے پڑوسی آپ کو مصروف دیکھ کر مدد کی پیشکش کرتے ہیں۔,آپ کی مہربانی، ابھی تو کام چل رہا ہے، لیکن آپ نے خیال کیا یہی بہت ہے۔
,,,,,,,,,,آپ کی مہربانی، ابھی ضرورت نہیں ہے، کام چل رہا ہے۔
,,,,,,,,,,شکریہ، ابھی مجھے مدد کی ضرورت نہیں ہے، میں خود کر لوں گا۔
Urdu,Offering Help,پڑوسی,پڑوسی,Medium,Formal,Soft offer,Neutral,اگر کسی چیز کی ضرورت ہو تو بے تکلف بتا دیجیے گا۔,آپ کے پڑوسی کو معلوم ہوتا ہے کہ آپ گھر کے کچھ کاموں میں مصروف ہیں، اس لیے وہ مدد کی پیشکش کرتے ہیں۔,آپ کی مہربانی، فی الحال تو سب ٹھیک ہے، لیکن ضرورت پڑی تو ضرور بتاؤں گا۔
,,,,,,,,,,شکریہ، فی الحال مجھے کسی مدد کی ضرورت نہیں ہے۔
,,,,,,,,,,بہت شکریہ، لیکن ابھی میں خود سب سنبھال لوں گا۔
Urdu,Offering Help,بھائی,بہن,Medium,Informal,Supportive offer,Positive,میں تمہارا کام کر دوں؟,آپ کسی کام میں مصروف ہیں۔ آپ کا بھائی آپ کو پریشان دیکھ کر مدد کی پیشکش کرتا ہے۔,ارے نہیں، تم زحمت نہیں کرو لیکن تم نے پوچھا، یہی بہت ہے۔
,,,,,,,,,,شکریہ، لیکن ابھی مجھے تمہاری مدد کی ضرورت نہیں ہے۔
,,,,,,,,,,نہیں، شکریہ، میں اپنا کام خود کر لوں گی۔
Urdu,Offering Help,بہن,بھائی,Medium,Informal,Concerned offer,Neutral,اگر چاہو تو میں تمہارے ساتھ چل سکتی ہوں۔,آپ کسی کام سے باہر جا رہے ہیں۔ آپ کی بہن فکر مندی کے تحت ساتھ چلنے کی پیشکش کرتی ہے۔,نہیں، فکر نہ کرو، میں سنبھال لوں گا، پھر بھی تم نے پوچھا اچھا لگا۔
,,,,,,,,,,نہیں، مجھے ضرورت نہیں، میں خود چلا جاؤں گا۔
,,,,,,,,,,نہیں، تم آنے کی ضرورت نہیں، میں خود سنبھال لوں گا۔
Urdu,Offering Help,استاد,طالب علم,Medium,Formal,Guiding offer,Positive,اگر کوئی مسئلہ ہو تو میں رہنمائی کر سکتا ہوں۔,آپ کے استاد کلاس کے بعد آپ کو مزید تعلیمی رہنمائی کی پیشکش کرتے ہیں۔,سر، یہ میرے لیے بہت حوصلہ افزا بات ہے، آپ کی رہنمائی سے یقیناً فائدہ ہوگا۔
,,,,,,,,,,سر، شکریہ، فی الحال مجھے رہنمائی کی ضرورت نہیں ہے۔
,,,,,,,,,,سر، ضرورت ہوئی تو آپ سے پوچھ لوں گا۔
Urdu,Offering Help,استاد,طالب علم,Medium,Formal,Professional offer,Neutral,کیا میں اس حصے کی مزید وضاحت کر دوں؟,کلاس کے دوران استاد محسوس کرتے ہیں کہ شاید طالب علم کو ایک تصور سمجھنے میں دشواری ہو رہی ہے، اس لیے وہ مزید وضاحت کی پیشکش کرتے ہیں۔,سر، آپ کی مہربانی، میں ایک بار خود بھی دیکھ لیتا ہوں، پھر ضرورت ہوئی تو آپ سے پوچھ لوں گا۔
,,,,,,,,,,سر، ابھی مجھے مزید وضاحت کی ضرورت نہیں ہے، میں خود دیکھ لوں گا۔
,,,,,,,,,,سر، شکریہ، میں پہلے خود کوشش کر لیتا ہوں۔
Urdu,Offering Help,قریبی دوست,قریبی دوست,Low,Informal,Eager offer,Positive,یار، فکر نہ کرو، میں یہ کام کر دیتا ہوں۔,آپ کسی کام کی وجہ سے پریشان نظر آ رہے ہیں۔ آپ کا قریبی دوست فوراً مدد کی پیشکش کرتا ہے۔,ارے یار، تم نے فکر کی یہی بہت ہے، لیکن اگر تم ساتھ دے دو تو کام جلد ہو جائے گا۔
,,,,,,,,,,یار، ٹھیک ہے، تم یہ کام کر دو۔
,,,,,,,,,,ارے یار، تم یہ کام کر دو تو بہت اچھا ہوگا۔
Urdu,Offering Help,قریبی دوست,قریبی دوست,Low,Informal,Reassuring offer,Negative,یار، اتنی فکر نہ کرو، سب ٹھیک ہو جائے گا۔,آپ ایک مسئلے کی وجہ سے پریشان ہیں۔ آپ کا قریبی دوست آپ کو تسلی دینے کی کوشش کرتا ہے۔,امید ہے ایسا ہی ہوگا، تم نے حوصلہ دیا اس کے لیے شکریہ۔
,,,,,,,,,,ہاں یار، امید ہے سب ٹھیک ہو جائے گا۔
,,,,,,,,,,ٹھیک ہے یار، شکریہ، دیکھتے ہیں کیا ہوتا ہے۔
Urdu,Offering Help,ماں,بیٹا,High,Informal,Caring offer,Positive,چھوڑو، میں کر دیتی ہوں، تم کافی تھک گئے ہو۔,آپ گھر کے ایک کام میں مصروف ہیں۔ آپ کی والدہ آپ کو تھکا ہوا دیکھ کر مدد کی پیشکش کرتی ہیں۔,امی، آپ زحمت نہ کریں، میں کر لوں گا، بس تھوڑا سا کام باقی ہے۔
,,,,,,,,,,امی، ابھی مجھے مدد کی ضرورت نہیں، میں خود کر لوں گا۔
,,,,,,,,,,امی، نہیں، آپ رہنے دیں، میں اپنا کام خود کر لوں گا۔
Urdu,Offering Help,والد,بیٹا,High,Formal,Directive offer,Neutral,یہ کام اکیلے مت کرو، میں بھی تمہاری مدد کر دیتا ہوں۔,آپ گھر کے ایک اہم کام میں مصروف ہیں۔ آپ کے والد آپ کو اکیلے کام کرتے دیکھ کر مدد کی پیشکش کرتے ہیں۔,ابا جان، آپ کی مہربانی، میں تقریباً مکمل کر چکا ہوں، پھر بھی ضرورت ہوئی تو ضرور بتاؤں گا۔
,,,,,,,,,,ابا جان، ابھی مجھے مدد کی ضرورت نہیں ہے، میں خود کر لوں گا۔
,,,,,,,,,,ابا جان، ابھی ضرورت نہیں، میں یہ کام خود مکمل کر لوں گا۔
Urdu,Offering Help,سینئر,جونیئر,High,Formal,Authoritative offer,Negative,اگر مشکل ہو رہی ہے تو یہ حصہ میں سنبھال لیتا ہوں۔,آپ دفتر میں ایک کام پر کام کر رہے ہیں اور کچھ دشواری محسوس کر رہے ہیں۔ آپ کے سینئر آپ کی صورتحال دیکھ کر مدد کی پیشکش کرتے ہیں۔,سر، آپ کی مہربانی، میں ایک بار خود کوشش کر لیتا ہوں، ضرورت پڑی تو ضرور آپ سے رہنمائی لوں گا۔
,,,,,,,,,,سر، ابھی میں خود کر لوں گا، ضرورت ہوئی تو آپ کو بتا دوں گا۔
,,,,,,,,,,سر، شکریہ، ابھی میں خود یہ حصہ سنبھال لیتا ہوں۔
Urdu,Offering Help,کزن,کزن,Low,Informal,Friendly support,Positive,میں تمہارے ساتھ ہوں، فکر مت کرو۔,آپ ایک ذاتی یا تعلیمی مسئلے کی وجہ سے پریشان ہیں۔ آپ کا کزن آپ کو تسلی دیتے ہوئے اپنی حمایت کا اظہار کرتا ہے۔,یار، تمہارا ساتھ ہونا ہی حوصلہ دیتا ہے۔
,,,,,,,,,,ہاں یار، دیکھتے ہیں کیا ہوتا ہے۔
,,,,,,,,,,ہاں یار، شکریہ۔
Urdu,Offering Help,کزن,کزن,Low,Informal,Dismissive offer,Negative,یار، تم رہنے دو، میں سنبھال لیتا ہوں۔,آپ ایک کام کر رہے ہیں لیکن رفتار سست ہے۔ آپ کا کزن سمجھتا ہے کہ وہ یہ کام بہتر طریقے سے کر سکتا ہے، اس لیے مداخلت کرتے ہوئے مدد کی پیشکش کرتا ہے۔,نہیں یار، مجھے ایک بار اور کوشش کرنے دو، ضرورت ہوئی تو تمہاری مدد لے لوں گا۔
,,,,,,,,,,یار، ابھی رہنے دو، میں خود ہی کر لیتا ہوں۔
,,,,,,,,,,نہیں یار، مجھے تمہاری مدد کی ضرورت نہیں، میں خود کر لوں گا۔
Urdu,Offering Help,پھوپھی,بھتیجی,High,Formal,Respectful refusal,Neutral,لاؤ بیٹا، میں تمہاری کچھ مدد کر دیتی ہوں۔,عید کی تیاریوں میں مصروف آپ مختلف کام ایک ساتھ سنبھال رہی ہے۔ اس بوجھ  کو کم کرنے کے لیےآپ کی پھوپھو مدد کرنا چاہتی ہیں۔,پھوپھو جان، میں سارا کام سنبھال لوں گی، آپ بس آرام کریں۔
,,,,,,,,,,پھوپھو جان، ابھی مجھے مدد کی ضرورت نہیں ہے، میں خود کر لوں گی۔
,,,,,,,,,,پھوپھو، آپ رہنے دیں، میں یہ کام خود کر لوں گی۔
Urdu,Offering Help,ٹیم لیڈر,ٹیم ممبر,Medium,Formal,Polite decline,Neutral,گر تم چاہو تو میں تمہاری مدد کر دوں، اس سے تم پر بوجھ بھی نہیں پڑے گا۔,دفتر میں ٹیم لیڈر دیکھتے ہیں کہ آپ ایک اہم رپورٹ مقررہ وقت پر مکمل کرنے کی کوشش کر رہا ہے اور کام کے دباؤ میں ہے۔ آپ کی مدد کرنا چاہتے ہیں۔,سر، بہت شکریہ، مگر ابھی صرف تھوڑا سا کام باقی ہے، میں خود مکمل کر لوں گا
,,,,,,,,,,سر، ابھی مجھے مدد کی ضرورت نہیں ہے، میں خود مکمل کر لوں گا۔
,,,,,,,,,,سر، شکریہ، آپ رہنے دیں، میں یہ کام خود کر لوں گا۔
Urdu,Offering Help,کزن,کزن,Low,Informal,Grateful acknowledgment,Positive,آؤ، ہم دونوں مل کر یہ کام کر لیتے ہیں۔,شادی کی تقریب کی تیاریوں کے دوران آپ ایک ساتھ کئی ذمہ داریاں نبھا رہے ہیں۔ آپ کا کام آسان کرنے کے لیے آپ کا کزن آپ کی مدد کرنا چاہتا ہے۔,یار، بس کام مکمل ہو گیا، تمہارا بہت شکریہ۔
,,,,,,,,,,یار، شکریہ، کام ہو گیا، تم نے مدد کر دی۔
,,,,,,,,,,شکریہ یار، اب کام مکمل ہو گیا ہے۔
Urdu,Paying for a Meal,قریبی دوست,قریبی دوست,Low,Informal,Friendly insistence,Positive,یار، رہنے دو، آج بل میری طرف سے ہے۔,آپ اور آپ کا قریبی دوست کھانا کھانے کے بعد بل ادا کرنے لگتے ہیں۔ آپ کا دوست اصرار کرتا ہے کہ وہ ادائیگی کرے گا۔,یارتمہاری مہربانی اس دفعہ مجھے دینے دو اگلی بار تم دے دینا۔
,,,,,,,,,,شکریہ، چلو تم دے دو۔
,,,,,,,,,,اگر چاہو تو دے سکتے ہو، لیکن مجھے بھی کوئی مسئلہ نہیں۔
Urdu,Paying for a Meal,قریبی دوست,قریبی دوست,Low,Informal,Playful insistence,Neutral,یار، آج تم جیب میں ہاتھ نہیں ڈالنا، بل میری طرف سے ہے۔,آپ اور آپ کا قریبی دوست ایک ریسٹورنٹ میں کھانا کھانے کے بعد بل ادا کرنے لگتے ہیں۔ آپ کا دوست مزاحیہ انداز میں ادائیگی کی ذمہ داری اپنے اوپر لینے پر اصرار کرتا ہے۔,یار، ایسا نہیں ہو سکتا ہر بار تم ہی بچ جاتے ہو، آج مجھے بل دینے دو۔
,,,,,,,,,,ہر بار کی طرح آج بھی تم دو گے، بل ہے نا؟
,,,,,,,,,,اس بار بھی تم بل دینا چاہتے ہو؟
Urdu,Paying for a Meal,پڑوسی,پڑوسی,Medium,Formal,Polite insistence,Positive,اجازت دیجیے، آج کا بل میں ادا کر دیتا ہوں۔,آپ اور آپ کے پڑوسی ایک ساتھ کھانا کھانے کے بعد بل ادا کرنے لگتے ہیں۔ آپ کے پڑوسی مؤدبانہ انداز میں ادائیگی کی ذمہ داری لینا چاہتے ہیں۔,بہت مہربانی، لیکن اس بار مجھے یہ موقع دیجیے۔
,,,,,,,,,,اس میں اجازت کی کیا بات ہے، آپ کر سکتے ہیں۔
,,,,,,,,,,تم کرو یا میں، اس میں کیا مسئلہ ہے؟ ایک ہی بات ہے۔
Urdu,Paying for a Meal,پڑوسی,پڑوسی,Medium,Formal,Soft offer,Neutral,اگر آپ مناسب سمجھیں تو میں بل ادا کر دوں۔,آپ اور آپ کے پڑوسی ایک ساتھ کھانا کھانے کے بعد بل کی ادائیگی کے بارے میں بات کر رہے ہیں۔ آپ کے پڑوسی مؤدبانہ انداز میں بل ادا کرنے کی پیشکش کرتے ہیں۔,آپ کی نوازش ہے، لیکن اس بار مجھے یہ خوشی حاصل کرنے دیجیے۔
,,,,,,,,,,آج بل میں ادا کروں گا، آپ رہنے دیں۔
,,,,,,,,,,آج کا بل مجھے دینے دیں۔
Urdu,Paying for a Meal,بھائی,بہن,Medium,Informal,Supportive insistence,Positive,تم مت نکالو، آج بل میری طرف سے ہے۔,آپ اور آپ کے بھائی ایک ریسٹورنٹ میں کھانا کھانے کے بعد بل ادا کرنے لگتے ہیں۔ آپ کا بھائی محبت سے ادائیگی اپنے ذمے لینا چاہتا ہے۔,بھائی، ہر بار آپ ہی دیتے ہیں، اس بار مجھے دینے دیجیے۔
,,,,,,,,,,بھائی، میں آج کا بل دے دیتی ہوں۔
,,,,,,,,,,بھائی، تم رہنے دو، میں بل دے دوں گی۔
Urdu,Paying for a Meal,بڑی بہن,بھائی,Medium,Informal,Casual refusal,Neutral,میں بل دے دیتی ہوں۔,آپ اپنی بڑی بہن کے ساتھ کھانا کھانے کے بعد بل ادا کرنے لگتے ہیں۔ وہ محبت سے ادائیگی اپنے ذمے لینے کی پیشکش کرتی ہیں۔,باجی، آپ کی مہربانی، لیکن اس بار مجھے دینے دیجیے۔
,,,,,,,,,,باجی، میں آج کا بل دے دیتا ہوں۔
,,,,,,,,,,باجی، تم رہنے دو، میں خود بل دے دوں گا۔
Urdu,Paying for a Meal,استاد,طالب علم,Medium,Formal,Respectful offer,Positive,آج آپ میرے مہمان ہیں، بل کی فکر نہ کریں۔,ایک تعلیمی ملاقات کے بعد آپ اپنے استاد کے ساتھ چائے پینے گئے ہیں۔ بل آنے پر استاد ادائیگی اپنے ذمے لینے پر اصرار کرتے ہیں۔,سر، آپ کی عنایت ہے، لیکن آپ نے پہلے ہی بہت وقت دیا، مجھے بھی کچھ خدمت کا موقع دیجیے۔
,,,,,,,,,,سر، آج بل میں ہی ادا کر دیتا ہوں۔
,,,,,,,,,,سر، آپ رہنے دیں، آج بل میں دے دیتا ہوں۔
Urdu,Paying for a Meal,استاد,طالب علم,Medium,Formal,Professional insistence,Neutral,اس پر مزید بحث نہیں، آج بل میں ادا کروں گا۔,استاد دوستانہ لیکن پُرعزم انداز میں بل ادا کرنے پر اصرار کرتے ہیں۔,سر، یہ آپ کی مہربانی ہے، لیکن واقعی اس کی ضرورت نہیں۔
,,,,,,,,,,سر، آج بل میں ہی ادا کر دیتا ہوں۔
,,,,,,,,,,سر، آپ رہنے دیں، آج بل میں دے دیتا ہوں۔
Urdu,Paying for a Meal,دوست,دوست,Low,Informal,Assertive insistence,Negative,یار، بس آج بل میں دے رہا ہوں، بات ختم۔,آپ اور آپ کا قریبی دوست کھانا کھانے کے بعد بل کی ادائیگی پر بحث کر رہے ہیں۔ آپ کا دوست پُرزور انداز میں ادائیگی اپنے ذمے لینے پر اصرار کرتا ہے۔,اچھا یار، اس بار تمہاری مرضی، لیکن اگلی بار مجھے موقع دینا۔
,,,,,,,,,,ٹھیک ہے یار، تم ہی دے دو۔
,,,,,,,,,,اچھا، تم دے دو، مجھے کوئی مسئلہ نہیں۔
Urdu,Paying for a Meal,دوست,دوست,Low,Informal,Dismissive insistence,Negative,تمہیں بل دینے کی ضرورت نہیں، میں دے دوں گا۔,آپ بل ادا کرنا چاہتے ہیں، لیکن آپ کا دوست آپ کی پیشکش کو رد کرتے ہوئے خود ادائیگی پر اصرار کرتا ہے۔,شکریہ یار، لیکن اگلی بار مجھے موقع ضرور دینا۔
,,,,,,,,,,ٹھیک ہے، تم دے دو۔
,,,,,,,,,,ٹھیک ہے، تم دے دو، اگلی بار دیکھیں گے۔
Urdu,Paying for a Meal,والد,بیٹا,High,Formal,Parental authority,Positive,بیٹا، آج کا بل میں ادا کروں گا۔,آپ اپنے والد کے ساتھ کھانے پر ہیں۔ بل آنے پر وہ فیصلہ کن انداز میں ادائیگی اپنے ذمے لیتے ہیں۔,جی ابو، جیسا آپ مناسب سمجھیں۔
,,,,,,,,,,ابو، ٹھیک ہے۔
,,,,,,,,,,ٹھیک ہے، آپ بل دے دیں، میں کچھ نہیں کہتا۔
Urdu,Paying for a Meal,والد,بیٹا,High,Formal,Directive offer,Neutral,بل مجھے دے دو، میں ادا کر دیتا ہوں۔,آپ اپنے والد کے ساتھ کھانے پر ہیں۔ بل آنے پر وہ آپ کے اخراجات کا خیال رکھتے ہوئے ادائیگی کرنا چاہتے ہیں۔,ابو، آپ کا خیال اپنی جگہ، لیکن اس بار مجھے موقع دیجیے۔
,,,,,,,,,,آپ رہنے دیں، بل میں ادا کر دیتا ہوں۔
,,,,,,,,,,ابو، آج بل میں دوں گا، آپ بل مجھے دے دیں۔
Urdu,Paying for a Meal,سینئر,جونیئر,High,Formal,Authoritative control,Negative,نہیں، یہ بل کمپنی کی طرف سے سمجھیں، میں دیکھ لیتا ہوں۔,ایک پیشہ ورانہ ملاقات کے بعد آپ اپنے سینئر کے ساتھ کھانے پر ہیں۔ بل آنے پر وہ فیصلہ کن انداز میں ادائیگی اپنے ذمے لے لیتے ہیں۔,جی سر، بہت شکریہ، میں آپ کی بات کا احترام کرتا ہوں۔
,,,,,,,,,,سر، ٹھیک ہے، آپ ہی بل ادا کر دیں۔
,,,,,,,,,,اچھا سر، آپ ہی بل دے دیں۔
Urdu,Paying for a Meal,کزن,کزن,Low,Informal,Friendly sharing,Positive,آج کھانا میری طرف سے، تم بس آرام کرو۔,آپ اپنے کزن کے ساتھ کھانا کھانے کے بعد بل ادا کرنے لگتے ہیں۔ آپ کا کزن دوستانہ انداز میں ادائیگی اپنے ذمے لینے کی پیشکش کرتا ہے۔,بہت شکریہ، لیکن بل بانٹ لیتے ہیں، یہی بہتر رہے گا۔
,,,,,,,,,,ٹھیک ہے، آج تم دے دو۔
,,,,,,,,,,اچھا یار، تم دے دو، میں رہنے دیتا ہوں۔
Urdu,Paying for a Meal,کزن,کزن,Low,Informal,Light insistence,Neutral,یار، بل آدھا آدھا کر لیتے ہیں۔,آپ اور آپ کا کزن کھانے کے بعد بل ادا کرنے لگتے ہیں۔ آپ کا کزن خرچ برابر تقسیم کرنے کی تجویز دیتا ہے۔,ارے نہیں، آج مجھے موقع دو، اگلی بار تم حساب برابر کر دینا۔
,,,,,,,,,,یار، اس بار بل میں دوں گا، تم آدھا مت دینا۔
,,,,,,,,,,میں پورا دے دیتا ہوں، کوئی بات نہیں۔
Urdu,Paying for a Meal,ماموں,بھانجا,High,Formal,Respectful reciprocity,Positive,آج کے کھانے کا بل میں ہی ادا کروں گا۔,آپ اپنے ماموں کے ساتھ دوپہر کا کھانا کھا رہے ہیں۔ کھانا ختم ہونے کے بعد آپ کے ماموں چاہتے ہیں کہ بل وہی ادا کریں۔,ماموں جان، آپ کی محبت کا بے حد شکریہ، مگر آج کا کھانا میری طرف سے رہنے دیجیے۔
,,,,,,,,,,ماموں، شکریہ، لیکن آج بل میں ہی دے دیتا ہوں۔
,,,,,,,,,,ماموں جان، آج بل میں دوں گا، آپ ادا نہ کریں۔
Urdu,Paying for a Meal,سینئر ساتھی,جونیئر ساتھی,Medium,Formal,Reciprocal insistence,Positive,کامیابی کی خوشی میں آج کا کھانا میری طرف سے ہے۔,کامیاب منصوبہ مکمل ہونے پر آپ اپنے سینئر ساتھی کے ساتھ کھانا کھانے آئے ہیں۔ کھانے کے بعد آپ کے سینئر چاہتے ہیں کہ اس بار بل وہی ادا کریں۔,سر، آپ کی مہربانی اپنی جگہ، مگر آج مجھے یہ موقع دیجیے۔ آج کی کامیابی کی خوشی میں کھانے کا بل میں ہی ادا کروں گا۔
,,,,,,,,,,سر، آج بل میں دوں گا، آپ رہنے دیں۔
,,,,,,,,,,سر، بہت شکریہ، لیکن آج بل میں ادا کر دیتا ہوں۔
Urdu,Paying for a Meal,قریبی دوست,قریبی دوست,Low,Informal,Reciprocal offer,Positive,یار، آج کی کافی میری طرف سے ہے۔,آپ اپنے قریبی دوست کے ساتھ کافی پینے آئے ہیں۔ بل آنے پر آپ کا قریبی دوست اصرار کرتا ہے کہ آج کی ادائیگی وہ کرے گا۔,یار، اس بار میری طرف سے رہنے دو، پھر کبھی تم پلا دینا۔
,,,,,,,,,,یار، بل مجھے ہی دینا ہے، تم مت دو۔
,,,,,,,,,,چلو، آج تمہاری طرف سے کافی پی لیتے ہیں۔
Urdu,Respect for Elders,دادا,پوتا,High,Formal,Deferential response,Positive,میرے ساتھ بازار چلو گے؟,آپ کے دادا بازار جانے کی تیاری کر رہے ہیں اور چاہتے ہیں کہ آپ ان کے ساتھ چلیں۔,جی دادا جان ضرور چلوں گا۔
,,,,,,,,,,دادا جان، اچھا، میں چلتا ہوں۔
,,,,,,,,,,اچھا دادا ٹھیک ہے۔
Urdu,Respect for Elders,دادی,پوتی,High,Formal,Respectful compliance,Positive,بیٹا، وقت پر دوا لینا مت بھولنا۔,آپ کی دادی آپ کی طبیعت کے بارے میں فکر مند ہیں اور دوا وقت پر لینے کی نصیحت کر رہی ہیں۔,جی دادی جان، میں خیال رکھوں گی، آپ بالکل فکر نہ کریں۔
,,,,,,,,,,ٹھیک ہے دادی، میں دوا لے لوں گی۔
,,,,,,,,,,ہاں دادی، میں لے لوں گی دوا۔
Urdu,Respect for Elders,والد,بیٹا,High,Formal,Obedient acknowledgment,Neutral,کل صبح جلدی اٹھ جانا، ہمیں ایک کام سے ساتھ جانا ہے۔,آپ کے والد اگلے دن کے ایک ضروری کام کے لیے آپ کو وقت کی پابندی کی تاکید کر رہے ہیں۔,جی ابو، ان شاء اللہ وقت پر اٹھ جاؤں گا۔
,,,,,,,,,,اچھا ابو، میں صبح اٹھ جاؤں گا۔
,,,,,,,,,,ٹھیک ہے ابو۔
Urdu,Respect for Elders,والدہ,بیٹی,High,Informal,Affectionate respect,Positive,بیٹا، ذرا یہ کام ابھی نمٹا لو۔,آپ کی والدہ گھر کے کاموں میں مصروف ہیں اور آپ سے ایک کام کرنے کو کہتی ہیں۔,ٹھیک ہے امی، ابھی کر دیتی ہوں۔
,,,,,,,,,,اچھا، ابھی کر دیتی ہوں۔
,,,,,,,,,,امی، تھوڑی دیر تک کر دیتی ہوں۔
Urdu,Respect for Elders,چچا,بھتیجا,High,Formal,Deferential acceptance,Positive,بیٹا، ذرا وہ فائل میرے پاس لے آؤ۔,آپ کے چچا کسی کام میں مصروف ہیں اور آپ سے ایک فائل لانے کو کہتے ہیں۔,جی چچا جان، ابھی لے کر آتا ہوں۔
,,,,,,,,,,ابھی لاتا ہوں۔
,,,,,,,,,,ٹھیک ہے۔
Urdu,Respect for Elders,خالہ,بھانجی,High,Formal,Polite obedience,Neutral,بیٹا، ذرا وہ بیگ میرے کمرے سے لے آؤ۔,آپ کی خالہ کسی کام میں مصروف ہیں اور اپنے کمرے سے ایک بیگ منگواتی ہیں۔,جی خالہ جان، ابھی لے آتی ہوں۔
,,,,,,,,,,ایک منٹ لاتی ہوں۔
,,,,,,,,,,ٹھیک ہے۔
Urdu,Respect for Elders,ماموں,بھانجا,High,Formal,Respectful agreement,Positive,بیٹا، کل میرے ساتھ جانا، مجھے تمہاری ضرورت پڑے گی۔,آپ کے ماموں کسی کام کے لیے آپ کی مدد چاہتے ہیں اور آپ کو اپنے ساتھ چلنے کو کہتے ہیں۔,جی ماموں جان، آپ فرمائیں، میں ضرور ساتھ چلوں گا۔
,,,,,,,,,,ٹھیک ہے۔
,,,,,,,,,,ٹھیک ہے ماموں، کل ساتھ چلوں گا۔
Urdu,Respect for Elders,استاد,طالب علم,Medium,Formal,Academic respect,Positive,امتحان سے پہلے یہ باب دوبارہ پڑھ لینا۔,آپ کے استاد امتحان کی تیاری کے سلسلے میں آپ کو ایک اہم باب پر توجہ دینے کا مشورہ دیتے ہیں۔,جی سر، میں اس پر دوبارہ توجہ دوں گا۔
,,,,,,,,,,ٹھیک ہے، دوبارہ پڑھ لوں گا۔
,,,,,,,,,,ٹھیک ہے سر۔
Urdu,Respect for Elders,استاد,طالب علم,Medium,Formal,Corrective respect,Neutral,یہ طریقہ درست نہیں، اسے دوبارہ کرو۔,آپ کے استاد آپ کے حل یا کام میں ایک غلطی کی نشاندہی کرتے ہیں اور اسے درست کرنے کا کہتے ہیں۔,جی سر، میں اسے درست کر لیتا ہوں۔
,,,,,,,,,,سر، میرے خیال سے صحیح ہے۔
,,,,,,,,,,ٹھیک ہے سر، میں دیکھتا ہوں۔
Urdu,Respect for Elders,بزرگ پڑوسی,نوجوان,High,Formal,Community respect,Positive,بیٹا، ذرا یہ گیٹ بند کر دو۔,آپ کے بزرگ پڑوسی گھر کے باہر کھڑے ہیں اور آپ سے گیٹ بند کرنے کو کہتے ہیں۔,جی انکل، ابھی بند کر دیتا ہوں۔
,,,,,,,,,,ٹھیک ہے۔
,,,,,,,,,,ہاں، کر دیتا ہوں۔
Urdu,Respect for Elders,بزرگ خاتون,نوجوان لڑکی,High,Formal,Gentle compliance,Neutral,بیٹی، ذرا یہ سامان اندر رکھ دو۔,ایک بزرگ خاتون گھر کے باہر کھڑی ہیں اور آپ سے سامان اندر رکھنے میں مدد مانگتی ہیں۔,جی اماں جی، ابھی اندر رکھ دیتی ہوں۔
,,,,,,,,,,ابھی رکھتی ہوں۔
,,,,,,,,,,ٹھیک ہے۔
Urdu,Respect for Elders,والد,بیٹا,High,Formal,Authoritative command,Negative,میں نے تم سے منع کیا تھا، پھر یہ کیوں کیا؟,آپ کے والد کسی ناپسندیدہ کام پر ناراضی کا اظہار کرتے ہوئے آپ سے وضاحت طلب کر رہے ہیں۔,جی ابو، مجھ سے غلط فیصلہ ہو گیا، آئندہ آپ کی بات کا زیادہ خیال رکھوں گا۔
,,,,,,,,,,ٹھیک ہے، آئندہ ایسا نہیں ہوگا۔
,,,,,,,,,,یہ سب غلطی سے ہوا ہے۔
Urdu,Respect for Elders,دادا,پوتا,High,Formal,Mild reprimand,Negative,اتنی دیر کیوں ہو گئی؟,آپ معمول سے کافی دیر بعد گھر پہنچے ہیں اور آپ کے دادا آپ سے وجہ پوچھ رہے ہیں۔,معاف کیجیے دادا جان، دیر ہو گئی، آئندہ خیال رکھوں گا۔
,,,,,,,,,,دیر ہو گئی تھی، اس لیے دیر سے گھر آیا۔
,,,,,,,,,,اتنی دیر تو نہیں ہوئی، آپ اتنی فکر کیوں کر رہے ہیں؟
Urdu,Respect for Elders,امی,بیٹا,High,Informal,Emotional guidance,Positive,بیٹا، باہر دیر تک مت رہنا، مجھے فکر ہوتی ہے۔,آپ گھر سے باہر جا رہے ہیں۔ آپ کی والدہ محبت بھرے انداز میں اپنی فکر کا اظہار کرتی ہیں۔,اچھا امی، میں جلد واپس آ جاؤں گا، آپ پریشان نہ ہوں۔
,,,,,,,,,,امی، آپ کو اتنی فکر کرنے کی ضرورت نہیں، میں اپنا خیال رکھ سکتا ہوں۔
,,,,,,,,,,ٹھیک ہے امی۔
Urdu,Respect for Elders,تایا,بھتیجا,High,Formal,Hierarchical respect,Neutral,بیٹا، ایک بات سمجھا رہا ہوں، ذرا توجہ سے سنو۔,آپ کے تایا آپ کو زندگی کے ایک اہم معاملے پر نصیحت کر رہے ہیں۔,جی تایا جان، میں پوری توجہ سے سن رہا ہوں۔
,,,,,,,,,,جی تایا، بتائیں کیا بات ہے؟
,,,,,,,,,,تایا، میں ابھی مصروف ہوں، بعد میں بتا دیجیے گا۔
Urdu,Respect for Elders,دادا,پوتا,High,Formal,Deferential reassurance,Positive,بیٹا، سامان مجھے پکڑا دو، تم تھک گئے ہوگے۔,آپ بھاری سامان اٹھانے کی کوشش کر رہے ہیں۔ آپ کے دادا چاہتے ہیں کہ آپ آرام کریں اور وہ خود سامان اٹھا لیں۔,دادا جان، میں بالکل ٹھیک ہوں، آپ فکر نہ کریں۔ یہ سامان میں خود ہی اٹھا لوں گا۔
,,,,,,,,,,دادا، آپ رہنے دیں، آپ سے یہ سامان نہیں اٹھے گا۔
,,,,,,,,,,ٹھیک ہے دادا جان، اگر آپ اٹھانا چاہتے ہیں تو آپ ہی اٹھا لیں۔
Urdu,Respect for Elders,سینئر پروفیسر,لیکچرار,Medium,Formal,Respectful compliance,Positive,آپ کافی دیر سے کام کر رہے ہیں، کچھ دیر آرام کر لیجیے، باقی کام بعد میں ہو جائے گا۔,آپ کافی دیر سے مسلسل کام میں مصروف ہیں۔ آپ کے شعبے کے سینئر پروفیسر چاہتے ہیں کہ آپ کچھ دیر آرام کر لیں اور کام بعد میں جاری رکھیں۔,بہت شکریہ سر، بس یہ کام مکمل کر لوں، پھر کچھ دیر آرام کر لیتا ہوں۔
,,,,,,,,,,سر، ابھی آرام کا وقت نہیں ہے، کام بہت زیادہ ہے، میں بعد میں دیکھ لوں گا۔
,,,,,,,,,,جی سر۔
Urdu,Respect for Elders,قریبی دوست,قریبی دوست,Low,Informal,Reciprocal cooperation,Positive,یار، بس اب کافی ہو گیا، کچھ دیر آرام کر لے۔ باقی سامان میں اٹھا لیتا ہوں۔,آپ اپنے قریبی دوست کے ساتھ سفر کر رہے ہیں اور کافی دیر سے سامان اٹھائے ہوئے ہیں۔ آپ کا دوست چاہتا ہے کہ آپ کچھ دیر آرام کریں اور باقی سامان وہ خود اٹھا لے۔,شکریہ یار، تمہاری بہت مہربانی۔ چلو، تھوڑی دیر تم اٹھا لو، پھر آگے میں سنبھال لوں گا۔
,,,,,,,,,,نہیں یار، میں خود اٹھا لوں گا، تم اپنا سامان سنبھالو۔
,,,,,,,,,,تمہیں اتنی فکر کرنے کی ضرورت نہیں، میں تھکا نہیں ہوں۔
Urdu,Family Obligations & Requests,والد,بیٹا,High,Formal,Duty acceptance,Positive,بیٹا، کل مہمان آ رہے ہیں، ذرا گھر کے کاموں میں مدد کر دینا۔,آپ کے والد مہمانوں کی آمد سے پہلے گھر کی تیاریوں میں مصروف ہیں اور آپ سے تعاون چاہتے ہیں۔,جی ابو، آپ بے فکر رہیں، میں وقت پر سب کام سنبھال لوں گا۔
,,,,,,,,,,ابو، میں ابھی تھوڑا مصروف ہوں۔
,,,,,,,,,,ابو، بعد میں دیکھ لیں گے۔
Urdu,Family Obligations & Requests,والدہ,بیٹی,High,Informal,Caring request,Positive,بیٹا، ذرا کچن میں ہاتھ بٹا دو۔,گھر میں مہمان آنے والے ہیں اور آپ کی والدہ تیاریوں میں مصروف ہیں اور آپ سے مدد چاہتی ہیں۔,جی امی، ابھی آتی ہوں، بتائیے کیا کرنا ہے۔
,,,,,,,,,,امی، ابھی نہیں، آپ کسی اور سے کہہ دیں۔
,,,,,,,,,,امی، میں نے کہا نا کہ میں مصروف ہوں۔
Urdu,Family Obligations & Requests,چچا,بھتیجا,High,Formal,Respectful compliance,Neutral,کل میرے ساتھ بازار جانا ہے، کچھ سامان لینا ہے۔,آپ کے چچا خریداری کے لیے جا رہے ہیں اور آپ کو ساتھ چلنے کے لیے کہتے ہیں۔,جی چچا جان، آپ فکر نہ کریں، میں ساتھ چلوں گا۔
,,,,,,,,,,چچا، اگر ضروری ہے تو میں چل جاؤں گا۔
,,,,,,,,,,چچا، آپ خود چلے جائیں، مجھے بازار جانے کا شوق نہیں ہے۔
Urdu,Family Obligations & Requests,خالہ,بھانجی,High,Formal,Polite acceptance,Positive,بیٹا، مہمانوں کے لیے ذرا کمرہ تیار کر دو، وہ آنے والے ہیں۔,گھر میں مہمانوں کی آمد متوقع ہے اور آپ کی خالہ آپ سے تیاریوں میں مدد چاہتی ہیں۔,جی خالہ جان، ابھی کر دیتی ہوں۔
,,,,,,,,,,خالہ، ابھی نہیں، میں کچھ دیر بعد کر دوں گی۔
,,,,,,,,,,خالہ، میں ابھی مصروف ہوں۔
Urdu,Family Obligations & Requests,دادا,پوتا,High,Formal,Deferential duty,Positive,بیٹا، ذرا میری دوائی لے آؤ۔,آپ کے دادا کو اپنی روزمرہ کی دوائی کی ضرورت ہے اور وہ آپ سے مدد چاہتے ہیں۔,جی دادا جان، ابھی لے آتا ہوں، آپ آرام کریں۔
,,,,,,,,,,دادا، آپ خود لے لیں، میں ابھی باہر جا رہا ہوں۔
,,,,,,,,,,دادا، مجھے تھوڑا وقت لگ جائے گا، ابھی مصروف ہوں۔
Urdu,Family Obligations & Requests,دادی,پوتی,High,Formal,Respectful service,Neutral,بیٹی، ذرا میرے لیے پانی لے آنا۔,آپ کی دادی آرام کر رہی ہیں اور آپ سے ایک گلاس پانی لانے کی درخواست کرتی ہیں۔,جی دادی جان، ابھی لاتی ہوں۔
,,,,,,,,,,دادی، پانی پاس ہی رکھا ہے۔
,,,,,,,,,,دادی، کسی اور کو بول دیں، میں مصروف ہوں۔
Urdu,Family Obligations & Requests,بھائی,بہن,Medium,Informal,Supportive request,Positive,ذرا میرا بیگ پکڑ لو، ہاتھ بھرے ہوئے ہیں۔,آپ کا بھائی کچھ سامان اٹھائے ہوئے ہے اور آپ سے تھوڑی مدد مانگتا ہے۔,ہاں، دو، میں سنبھال لیتی ہوں۔
,,,,,,,,,,بھائی، ابھی نہیں، تم خود پکڑ لو، میرے ہاتھ بھی مصروف ہیں۔
,,,,,,,,,,بھائی، میں اپنا کام کر رہا ہوں، اپنا بیگ خود سنبھالو۔
Urdu,Family Obligations & Requests,بہن,بھائی,Medium,Informal,Casual request,Neutral,ذرا فون چارجر دے دینا، بیٹری ختم ہونے والی ہے۔,آپ کی بہن آپ سے اپنا فون چارج کرنے کے لیے چارجر مانگتی ہے۔,ہاں، یہ رہا، استعمال کر لو۔
,,,,,,,,,,بہن، ابھی چارجر نہیں دے سکتا، تم کسی اور سے لے لو۔
,,,,,,,,,,بہن، میرا فون بھی چارج ہو رہا ہے، اپنا انتظام خود کر لو۔
Urdu,Family Obligations & Requests,سسر,داماد,High,Formal,Respect-based request,Positive,بیٹا، فرصت ملے تو ذرا یہ کام دیکھ لیجیے گا۔,آپ کے سسر آپ سے ایک کام میں مدد کی درخواست کرتے ہیں۔,جی ابا جی، میں دیکھ لیتا ہوں۔
,,,,,,,,,,سسر، ابھی مصروف ہوں، یہ کام بعد میں دیکھوں گا۔
,,,,,,,,,,سسر، آپ کسی اور سے یہ کام کروا لیجیے، میرے پاس ابھی وقت نہیں ہے۔
Urdu,Family Obligations & Requests,ساس,بہو,High,Formal,Household duty,Neutral,آج مہمان آ رہے ہیں، کھانے کا انتظام کرنا ہے۔,گھر میں مہمان آنے والے ہیں اور آپ کی ساس آپ کو تیاریوں کی یاد دہانی کرا رہی ہیں۔,جی امی جان، آپ بتا دیجیے کیا کیا بنانا ہے۔
,,,,,,,,,,ساس، میں ابھی مصروف ہوں، آپ کسی اور سے کھانے کا انتظام کروا لیں۔
,,,,,,,,,,امی جان، آپ خود بتا دیں، میں دیکھتا ہوں کہ وقت ملا تو کر لوں گا۔
Urdu,Family Obligations & Requests,والد,بیٹا,High,Formal,Authoritative request,Negative,میں نے کہا تھا یہ کام آج ہی کر دینا۔,آپ کے والد اس بات پر ناراض ہیں کہ آپ ایک ذمہ داری وقت پر پوری نہیں کر سکے۔,جی ابو، میں ابھی یہ کام کر دیتا ہوں۔
,,,,,,,,,,ابو، ابھی یہ کام نہیں ہو سکے گا، کل کر دوں گا۔
,,,,,,,,,,ابو، میں نے کہا تھا نا کہ مصروف ہوں، آپ خود کر لیں۔
Urdu,Family Obligations & Requests,والدہ,بیٹا,High,Informal,Emotional pressure,Negative,ہر کام مجھے ہی کرنا پڑتا ہے؟,آپ کی والدہ گھر کے کام کرتے کرتے تھک گئی ہیں اور آپ سے شکوہ کر رہی ہیں۔,اچھا امی، آپ رہنے دیں، میں کر لیتا ہوں۔
,,,,,,,,,,امی، ہر کام تو میں نہیں کر سکتا، آپ کسی اور سے کروا لیں۔
,,,,,,,,,,امّی، آپ کسی اور سے کروا لیں، میں ابھی بہت تھکا ہوا ہوں۔
Urdu,Family Obligations & Requests,تایا,بھتیجا,High,Formal,Hierarchical request,Neutral,بیٹا، ذرا یہ کاغذات میرے پاس لے آؤ۔,آپ کے تایا ایک ضروری کام میں مصروف ہیں اور آپ سے کچھ کاغذات منگواتے ہیں۔,جی تایا جان، ابھی لے آتا ہوں۔
,,,,,,,,,,تایا جان، یہ کاغذات ابھی نہیں مل رہے، تھوڑی دیر بعد لے آتا ہوں۔
,,,,,,,,,,تایا، میں ابھی ایک کام میں لگا ہوا ہوں، فارغ ہوتے ہی کاغذات لے آتا ہوں۔
Urdu,Family Obligations & Requests,کزن,کزن,Low,Informal,Friendly request,Positive,یار، ذرا میرے ساتھ چلنا، ایک کام ہے۔,آپ کا کزن ایک مختصر کام کے لیے باہر جا رہا ہے اور چاہتا ہے کہ آپ بھی ساتھ چلیں۔,ہاں یار، چلو، کوئی مسئلہ نہیں، چلتے ہیں۔
,,,,,,,,,,یار، اگر ضروری ہے تو چل لیتے ہیں، بس جلدی واپس آنا ہوگا۔
,,,,,,,,,,یار، آج میرا باہر جانے کا موڈ نہیں، تم اکیلے ہی چلے جاؤ۔
Urdu,Family Obligations & Requests,کزن,کزن,Low,Informal,Dismissive request,Negative,یہ کام تو تم ہی کرو گے۔,آپ کا کزن بغیر پوچھے ذمہ داری آپ پر ڈال دیتا ہے۔,کر دیتا ہوں، لیکن پہلے پوچھ تو لیا کرو۔
,,,,,,,,,,ٹھیک ہے، کر دیتا ہوں، لیکن اگلی بار پہلے سے بتا دینا تاکہ میں تیار رہوں۔
,,,,,,,,,,یار، تم نے مجھ سے پوچھے بغیر فیصلہ کر لیا، یہ کام تم خود ہی کر لو۔
Urdu,Family Obligations & Requests,والدہ,بیٹی,High,Formal,Cooperative compliance,Positive,بیٹی، ذرا آ جاؤ، مہمانوں کی آمد سے پہلے کچھ کام باقی ہیں، میرے ساتھ ہاتھ بٹا دو۔,آپ کے گھر میں مہمان آنے والے ہیں اور ابھی کچھ تیاری باقی ہے۔ آپ کی والدہ چاہتی ہیں کہ آپ گھر کے کاموں میں ان کا ہاتھ بٹائیں تاکہ تمام تیاریاں وقت پر مکمل ہو جائیں۔,جی امی، ابھی آئی۔ آپ فکر نہ کریں، ہم مل کر سب کام جلدی مکمل کر لیتے ہیں۔
,,,,,,,,,,میں ابھی ایک کام میں مصروف ہوں، تھوڑی دیر بعد آتی ہوں۔
,,,,,,,,,,امی، آپ کسی اور سے مدد لے لیں، میں ابھی یہ سب نہیں کر سکتی۔
Urdu,Family Obligations & Requests,بڑی بہن,چھوٹا بھائی,Medium,Informal,Cooperative compliance,Positive,ذرا بازار سے یہ ضروری سامان لے آؤ۔,آپ کی فیملی میں ایک خاندانی تقریب ہونے والی ہے اور کچھ ضروری سامان ابھی لانا باقی ہے۔ آپ کی بڑی بہن چاہتی ہیں کہ آپ بازار سے یہ سامان لے آئیں تاکہ تیاریاں وقت پر مکمل ہو جائیں۔,ٹھیک ہے باجی، ابھی لے آتا ہوں۔ اگر اور بھی کچھ چاہیے ہو تو بتا دیجیے گا۔
,,,,,,,,,,باجی، ابھی بازار جانا مشکل ہے، آپ کسی اور کو بھیج دیں۔
,,,,,,,,,,باجی، میں آج کافی مصروف ہوں، یہ سامان آپ خود لے آئیں۔
Urdu,Family Obligations & Requests,کزن,کزن,Low,Informal,Cooperative compliance,Positive,ذرا یہ کام تم سنبھال لو۔,آپ اپنے کزن کے ساتھ ایک خاندانی تقریب کی تیاریوں میں مصروف ہیں اور ابھی کچھ کام باقی ہیں۔ آپ کا کزن چاہتا ہے کہ آپ ایک کام سنبھال لیں تاکہ تمام انتظامات وقت پر مکمل ہو جائیں۔,ٹھیک ہے، یہ کام میں سنبھال لیتا ہوں۔ تم باقی تیاری دیکھ لو، ہم مل کر سب وقت پر مکمل کر لیں گے۔
,,,,,,,,,,کزن، یہ کام ابھی نہیں کر سکتا، تم خود سنبھال لو۔
,,,,,,,,,,ٹھیک ہے، لیکن باقی تیاری تم خود کر لینا۔
Urdu,Handling Criticism & Disagreements,سینئر,جونیئر,High,Formal,Respectful disagreement,Positive,میرا خیال ہے تم نے طریقہ درست نہیں اپنایا۔,دفتر میں آپ کے سینئر آپ کے کام کے طریقے پر تنقید کرتے ہیں۔,جی سر، آپ کی بات درست ہو سکتی ہے، لیکن اُس وقت حالات کے مطابق مجھے یہی بہتر لگا تھا پھر بھی میں اسے دوبارہ دیکھ لیتا ہوں۔
,,,,,,,,,,سینئر، میں نے اس طریقے سے پہلے بھی کام کیا ہے۔
,,,,,,,,,,سر، لیکن میرے خیال میں میرا طریقہ بھی درست ہے۔
Urdu,Handling Criticism & Disagreements,استاد,طالب علم,Medium,Formal,Academic acceptance,Positive,یہ جواب مزید بہتر ہو سکتا تھا۔,استاد آپ کے جواب کا جائزہ لیتے ہوئے بہتری کی گنجائش کی نشاندہی کرتے ہیں۔,جی سر، میں دوبارہ اس پر کام کر لیتا ہوں۔
,,,,,,,,,,سر، میں اس جواب کو کافی بہتر سمجھتا ہوں، اسے دوبارہ کرنے کی ضرورت نہیں۔
,,,,,,,,,,جی سر، مجھے تو یہ کام ٹھیک ہی لگ رہا ہے، آپ دوبارہ دیکھ لیں۔
Urdu,Handling Criticism & Disagreements,والد,بیٹا,High,Formal,Obedient acknowledgment,Neutral,تم نے یہ کام ٹھیک نہیں کیا۔,آپ کے والد آپ کے کام میں موجود ایک غلطی کی نشاندہی کر رہے ہیں۔,جی ابو مجھ سے کوئی غلطی ہو گئی ہو گی، میں دوبارہ دیکھ لیتا ہوں۔
,,,,,,,,,,ابو، اگر کوئی غلطی ہے تو بتا دیں، ورنہ میں اسے ایسے ہی رہنے دیتا ہوں۔
,,,,,,,,,,ابو، میں نے جو کیا ہے ٹھیک کیا ہے۔
Urdu,Handling Criticism & Disagreements,دوست,دوست,Low,Informal,Friendly disagreement,Positive,مجھے نہیں لگتا یہ آئیڈیا کام کرے گا۔,آپ اور آپ کا دوست ایک مسئلے کے حل پر گفتگو کر رہے ہیں اور وہ آپ کے تجویز کردہ خیال سے متفق نہیں۔,یار، ہو سکتا ہے تم ٹھیک کہہ رہے ہو، لیکن مجھے لگتا ہے ایک موقع تو دینا چاہیے۔
,,,,,,,,,,دوست، میں اس پر دوبارہ سوچ لیتا ہوں۔
,,,,,,,,,,یار، میں اس بات سے بالکل متفق نہیں ہوں، میرا خیال ہی بہتر ہے۔
Urdu,Handling Criticism & Disagreements,دوست,دوست,Low,Informal,Defensive response,Negative,تم ہمیشہ یہی غلطی کرتے ہو۔,آپ کا دوست آپ کے رویے پر تنقید کرتے ہوئے اسے بار بار دہرائی جانے والی غلطی قرار دیتا ہے۔,یار، ہر بار ایسا نہیں ہوتا، اس دفعہ ذرا صورتحال کچھ اور تھی۔
,,,,,,,,,,تم ہمیشہ میری غلطیاں ہی نکالتے رہتے ہو، میں نے جو کیا ٹھیک ہی کیا ہے۔
,,,,,,,,,,تمہیں جو سمجھنا ہے سمجھو، میں نے وہی کیا جو مجھے ٹھیک لگا۔
Urdu,Handling Criticism & Disagreements,والدہ,بیٹی,High,Informal,Emotional correction,Neutral,تم نے میری بات نہیں مانی۔,آپ کی والدہ کسی معاملے میں آپ کے رویے سے مایوسی کا اظہار کر رہی ہیں۔,امی، آپ ٹھیک کہہ رہی ہیں، آئندہ زیادہ خیال رکھوں گی۔
,,,,,,,,,,امی، میں نے آپ کی بات سنی تھی، بس اس وقت مجھے ایسا کرنا مناسب لگا۔
,,,,,,,,,,امی، آپ ہر بات پر ناراض ہو جاتی ہیں، میں نے کوئی بڑی غلطی نہیں کی۔
Urdu,Handling Criticism & Disagreements,سینئر,جونیئر,High,Formal,Corrective feedback,Neutral,اس رپورٹ میں کچھ خامیاں ہیں۔,آپ کے سینئر آپ کی تیار کردہ رپورٹ کا جائزہ لیتے ہوئے کچھ مسائل کی نشاندہی کرتے ہیں۔,جی سر، میں دوبارہ جائزہ لے کر انہیں درست کر دیتا ہوں۔
,,,,,,,,,,سینئر، میں نے رپورٹ دوبارہ دیکھ لی ہے، میرے خیال میں زیادہ تر حصے ٹھیک ہیں۔
,,,,,,,,,,جی سر، میں دیکھ لوں گا۔
Urdu,Handling Criticism & Disagreements,کزن,کزن,Low,Informal,Light disagreement,Positive,تم کچھ زیادہ سخت ہو رہے ہو۔,ایک دوستانہ گفتگو میں آپ کا کزن آپ کے لہجے پر تبصرہ کرتا ہے۔,یار، میرا مقصد سخت ہونا نہیں تھا، بس اپنی رائے دے رہا تھا۔
,,,,,,,,,,کزن، میرا لہجہ ایسا ہی ہے، تمہیں اتنا حساس ہونے کی ضرورت نہیں۔
,,,,,,,,,,یار، تم ہی زیادہ سوچ رہے ہو، مجھے نہیں لگتا میں سخت ہو رہا ہوں۔
Urdu,Handling Criticism & Disagreements,استاد,طالب علم,Medium,Formal,Strict correction,Negative,میں اس معیار کے کام کی توقع نہیں کر رہا تھا۔,استاد آپ کی کارکردگی پر سخت ناراضی کا اظہار کرتے ہیں۔,معذرت سر، میں دوبارہ محنت کر کے اسے بہتر کر لیتا ہوں۔
,,,,,,,,,,سر، میرے خیال میں اس سے بہتر ممکن نہیں۔
,,,,,,,,,,سر، اگر آپ کو یہ کام پسند نہیں آیا تو آپ خود بتا دیں کہ کیا کرنا ہے۔
Urdu,Handling Criticism & Disagreements,دوست,دوست,Low,Informal,Argumentative response,Negative,یہ سب تمہاری وجہ سے ہوا ہے۔,کسی مسئلے کے بعد آپ کا دوست ساری ذمہ داری آپ پر ڈال رہا ہے۔,یار، میں مانتا ہوں مجھ سے بھی غلطی ہوئی ہوگی، لیکن سارا قصور مجھ پر نہیں ڈالا جا سکتا۔
,,,,,,,,,,سینئر، مجھے نہیں لگتا کہ رپورٹ میں کوئی خاص خامی ہے۔
,,,,,,,,,,سر، میں نے رپورٹ اپنی سمجھ کے مطابق درست تیار کی ہے، فی الحال تبدیلی کی ضرورت نہیں سمجھتا۔
Urdu,Handling Criticism & Disagreements,والد,بیٹا,High,Formal,Authoritative reprimand,Negative,میں نے منع کیا تھا، پھر بھی تم نے یہ کام کیا۔,آپ کے والد کسی ایسے کام پر ناراضی کا اظہار کر رہے ہیں جس سے انہوں نے پہلے منع کیا تھا۔,جی ابو، مجھ سے غلطی ہو گئی، آئندہ ایسا نہیں ہوگا۔
,,,,,,,,,,ابو، میں تو سمجھتا ہوں یہ کام ٹھیک ہی کیا تھا، آپ اتنی ناراضی نہ کریں۔
,,,,,,,,,,ابو، میں نے آپ کی بات اپنی جگہ سمجھی تھی، اس لیے جو مناسب لگا وہ کر دیا۔
Urdu,Handling Criticism & Disagreements,ساتھی,ساتھی,Medium,Formal,Professional disagreement,Neutral,میں اس فیصلے سے متفق نہیں ہوں۔,ایک میٹنگ کے دوران آپ کا ساتھی مجوزہ فیصلے پر اعتراض اٹھاتا ہے۔,آپ کی بات سمجھ رہا ہوں، آئیے وجوہات پر بات کر لیتے ہیں تاکہ بہتر فیصلہ ہو سکے۔
,,,,,,,,,,ساتھی، میں اس فیصلے سے متفق نہیں ہوں اور مجھے نہیں لگتا کہ اس میں تبدیلی کی ضرورت ہے۔
,,,,,,,,,,آپ کی رائے اپنی جگہ درست ہے، لیکن میں اپنے مؤقف پر قائم ہوں۔
Urdu,Handling Criticism & Disagreements,تایا,بھتیجا,High,Formal,Respectful listening,Positive,بیٹا، تمہیں زیادہ تحمل سے کام لینا چاہیے تھا۔,ایک تنازعے کے بعد آپ کے تایا آپ کو صبر اور تحمل کا مشورہ دیتے ہیں۔,جی تایا جان، آپ کی بات سمجھ گیا ہوں آئندہ دھیان رکھوں گا۔
,,,,,,,,,,تایا جان، میں نے تو اپنی طرف سے پوری کوشش کی تھی، آپ کو شاید ایسا لگا ہو کہ میں بے تحمل تھا۔
,,,,,,,,,,تایا جان، اس وقت میرے لیے صورتحال کچھ مختلف تھی۔
Urdu,Handling Criticism & Disagreements,دوست,دوست,Low,Informal,Teasing criticism,Neutral,یار، یہ تو بہت ہی خراب تھا۔,دوستوں کی غیر رسمی گفتگو میں آپ کا دوست مذاقاً آپ کے کام پر تنقید کرتا ہے۔,چلو، اگلی بار تمہیں شکایت کا موقع نہیں دوں گا۔
,,,,,,,,,,یار، اس بار مجھے ٹھیک ہی لگا تھا۔
,,,,,,,,,,یار، تمہیں پسند نہیں آیا تو کوئی بات نہیں، میں اسے دوبارہ نہیں کرنے والا۔
Urdu,Handling Criticism & Disagreements,سینئر,جونیئر,High,Formal,Public correction,Negative,یہ غلطی سب کے سامنے نہیں ہونی چاہیے تھی۔,ایک میٹنگ کے دوران آپ سے ایسی غلطی ہو جاتی ہے جس کی نشاندہی آپ کے سینئر سب کے سامنے کرتے ہیں۔,جی سر، غلطی ہو گئی، آئندہ زیادہ احتیاط کروں گا۔
,,,,,,,,,,سر، میں نے اپنی طرف سے درست کام کیا تھا۔
,,,,,,,,,,سر، میں سمجھتا ہوں کہ یہ غلطی اتنی بڑی نہیں تھی۔
Urdu,Handling Criticism & Disagreements,استاد,طالب علم,High,Formal,Accepting criticism,Positive,آپ کی اسائنمنٹ مجموعی طور پر اچھی ہے، لیکن اس میں چند اہم نکات شامل نہیں کیے گئے۔,آپ کی اسائنمنٹ چیک ہونے کے بعد معلوم ہوا ہے کہ اس میں چند اہم نکات شامل نہیں ہیں۔ آپ کے استاد چاہتے ہیں کہ وہ اس بارے میں آپ سے بات کریں تاکہ آپ اپنی غلطیوں کو بہتر طور پر سمجھ سکیں۔,جی سر، یہ میری کوتاہی تھی۔ آپ کی نشاندہی کا شکریہ، میں ان نکات کو شامل کر کے اسائنمنٹ بہتر کر دوں گا۔
,,,,,,,,,,سر، مجھے نہیں لگتا کہ میری اسائنمنٹ میں مزید تبدیلی کی ضرورت ہے۔
,,,,,,,,,,سر، مجھے لگتا ہے اسائنمنٹ کافی اچھی ہے، ان نکات کو شامل کرنا ضروری نہیں۔
Urdu,Handling Criticism & Disagreements,سینئر ساتھی,جونیئر ساتھی,Medium,Formal,Constructive acceptance,Positive,اس رپورٹ کے کچھ حصے ہمارے معیار کے مطابق نہیں ہیں۔,آپ کی تیار کردہ رپورٹ کا جائزہ لیا جا رہا ہے۔ آپ کے سینئر ساتھی نے رپورٹ میں چند اہم خامیوں کی نشاندہی کی ہے۔,آپ کی نشاندہی کا شکریہ۔ میں آپ کی تجاویز کے مطابق ان حصوں پر دوبارہ کام کرتا ہوں تاکہ حتمی رپورٹ بہتر معیار کی ہو۔
,,,,,,,,,,سینئر ساتھی، مجھے نہیں لگتا کہ ان حصوں میں کوئی خاص مسئلہ ہے۔
,,,,,,,,,,آپ کی رائے اپنی جگہ درست ہے، لیکن میں اپنے تیار کیے ہوئے حصے میں تبدیلی نہیں کرنا چاہتا۔
Urdu,Handling Criticism & Disagreements,قریبی دوست,قریبی دوست,Low,Informal,Constructive agreement,Positive,یار، مجھے لگتا ہے کہ تمہارے حصے میں چند تبدیلیوں کی ضرورت ہے۔,آپ اور آپ کا قریبی دوست ایک مشترکہ منصوبے پر کام کر رہے ہیں۔ منصوبے پر نظرِ ثانی کرتے ہوئے آپ کو محسوس ہوتا ہے کہ اس کے تیار کیے گئے حصے میں کچھ ایسی تبدیلیوں کی ضرورت ہے جن پر آپ دونوں کی رائے مختلف ہے۔,ضرور، اگر تمہیں لگتا ہے کہ اس سے کام بہتر ہوگا تو آؤ مل کر جائزہ لیتے ہیں۔
,,,,,,,,,,یار، مجھے تو اپنا حصہ بالکل ٹھیک لگ رہا ہے۔
,,,,,,,,,,اگر تمہیں مسئلہ لگ رہا ہے تو تم خود اسے تبدیل کر لو۔
Urdu,Invitation to Celebrations,دوست,دوست,Low,Informal,Warm invitation,Positive,کل میری سالگرہ ہے، ضرور آنا۔,آپ کا دوست خوشی کے موقع پر آپ کو شرکت کی دعوت دیتا ہے۔,یار، ضرور آؤں گا، تمہاری سالگرہ کیسےبھول سکتا ہوں ۔
,,,,,,,,,,ضرور یار، اگر ممکن ہوا تو آ جاؤں گا۔
,,,,,,,,,,یار، آج شاید نہ آ سکوں، تم کسی اور کو بھی بلا لینا۔
Urdu,Invitation to Celebrations,دوست,دوست,Low,Informal,Casual invitation,Neutral,آج رات پارٹی ہے، آنا ہے؟,آپ کا دوست غیر رسمی انداز میں آپ کو رات کی ایک پارٹی میں مدعو کر رہا ہے۔,یار، ابھی پکا نہیں کہہ سکتا، لیکن کوشش کروں گا۔
,,,,,,,,,,اگر ممکن ہوا تو آ جاؤں گا۔
,,,,,,,,,,یار، آج شاید نہ آ سکوں۔
Urdu,Invitation to Celebrations,چچا,بھتیجا,High,Formal,Respectful invitation,Positive,بیٹا، شادی میں ضرور آنا، تمہارے بغیر محفل ادھوری لگے گی۔,خاندان میں شادی کی تقریب ہے اور آپ کے چچا آپ کو خاص طور پر مدعو کر رہے ہیں۔,جی چچا جان، ان شاء اللہ ضرور آؤں گا۔
,,,,,,,,,,چچا جان، میں کوشش کروں گا، لیکن ابھی یقین سے نہیں کہہ سکتا۔
,,,,,,,,,,چچا، دیکھتا ہوں وقت ملا تو آ جاؤں گا۔
Urdu,Invitation to Celebrations,خالہ,بھانجی,High,Formal,Affectionate invitation,Positive,بیٹا، کل مہندی کی تقریب ہے، ضرور آنا۔,آپ کی خالہ خاندان کی ایک مہندی کی تقریب میں آپ کو محبت سے مدعو کر رہی ہیں۔,جی خالہ جان، ان شاء اللہ ضرور آؤں گی۔
,,,,,,,,,,خالہ جان، شاید میں کل نہ آ سکوں، اگر وقت ملا تو آ جاؤں گی۔
,,,,,,,,,,خالہ جان، میں دیکھوں گی، ابھی پکا وعدہ نہیں کر سکتی۔
Urdu,Invitation to Celebrations,پڑوسی,پڑوسی,Medium,Formal,Polite invitation,Neutral,ہم نے کل ایک تقریب رکھی ہے، آپ ضرور تشریف لائیے گا۔,آپ کے پڑوسی آپ کو ایک تقریب میں مدعو کر رہے ہیں۔,بہت شکریہ، ان شاء اللہ کوشش کروں گا کہ شریک ہو سکوں۔
,,,,,,,,,,بہت شکریہ، لیکن شاید کل میری مصروفیت ہو۔
,,,,,,,,,,شکریہ، اگر وقت ملا تو شریک ہو جاؤں گا۔
Urdu,Invitation to Celebrations,استاد,طالب علم,Medium,Formal,Honor-based invitation,Positive,کل تقریب ہے، آپ ضرور آئیے گا۔,استاد طالب علم کو ایک تعلیمی تقریب میں شرکت کی دعوت دے رہے ہیں۔,بہت شکریہ سر، ان شاء اللہ شرکت کرنے کی کوشش کروں گا۔
,,,,,,,,,,سر، شاید میں تقریب میں شرکت نہ کر سکوں۔
,,,,,,,,,,سر، اگر موقع ملا توآ جاؤں گا، ابھی کچھ اور کام بھی ہے۔
Urdu,Invitation to Celebrations,کزن,کزن,Low,Informal,Friendly invitation,Positive,یار، کل ایک فنکشن ہے، تم بھی ساتھ چلو۔,آپ کا کزن ایک تقریب میں جانے کا پروگرام بنا رہا ہے اور چاہتا ہے کہ آپ بھی اس کے ساتھ چلیں۔,ہاں یار، اگر کوئی ضروری کام نہ نکلا تو میں ضرور چلوں گا۔
,,,,,,,,,,یار، کل شاید نہ آ سکوں۔
,,,,,,,,,,یار، میرا کل جانے کا ارادہ نہیں، تم کسی اور کے ساتھ چلے جانا۔
Urdu,Invitation to Celebrations,دوست,دوست,Low,Informal,Pressuring invitation,Negative,یار، نہ آئے تو ناراض ہو جاؤں گا۔,آپ کا دوست آپ کی شرکت کے لیے اصرار کر رہا ہے۔,یار، اب اتنا کہہ رہے ہو تو کوشش کروں گا ضرور آؤں۔
,,,,,,,,,,یار، ابھی پکا نہیں کہہ سکتا۔
,,,,,,,,,,یار، مجھے نہیں لگتا میں کل آ سکوں گا، تم کسی اور کو بلا لینا۔
Urdu,Invitation to Celebrations,سسر,داماد,High,Formal,Family honor invitation,Positive,بیٹا، کل گھر پر دعوت ہے، آپ نے ضرور آنا ہے۔,آپ کے سسر ایک خاندانی دعوت میں شرکت کی درخواست کر رہے ہیں۔,جی ابا جی، ان شاء اللہ ضرور حاضر ہوں گا۔
,,,,,,,,,,جی ابا جی، میں کوشش کروں گا۔
,,,,,,,,,,ابا جی، اگر وقت ملا تو آ جاؤں گا، ورنہ کسی اور دن ملاقات کر لیں گے۔
Urdu,Invitation to Celebrations,ساس,بہو,High,Formal,Family Invitation,Neutral,بیٹا، کل گھر میں تقریب ہے، تمہیں ضرور آنا ہے۔,آپ کی ساس آپ کو ایک خاندانی تقریب میں شرکت کی دعوت دے رہی ہیں۔,جی امی جان، ان شاء اللہ ضرور آؤں گی۔
,,,,,,,,,,ساس، شاید کل آنا ممکن نہ ہو، میں کوشش کروں گی اگر وقت ملا۔
,,,,,,,,,,امی جان، ابھی کچھ مصروفیت ہے، اگر ممکن ہوا تو تقریب میں آ جاؤں گی۔
Urdu,Invitation to Celebrations,دوست,دوست,Low,Informal,Dismissive invitation,Negative,بس آ جانا، کوئی بہانہ نہیں چلے گا۔,آپ کا دوست تقریب میں شرکت کے لیے اصرار کر رہا ہے اور آپ سے پکی حامی چاہتا ہے۔,یار، اگر کوئی ضروری کام نہ ہوا تو ضرور آؤں گا۔
,,,,,,,,,,یار، کل شاید میرا کوئی اور پروگرام ہو، اس لیے آنا مشکل ہے۔
,,,,,,,,,,یار، میں نے آنے کا ارادہ نہیں کیا۔
Urdu,Invitation to Celebrations,بزرگ رشتہ دار,نوجوان,High,Formal,Traditional invitation,Positive,بیٹا، عید پر سب اکٹھے ہوں گے، تم بھی ضرور آنا۔,ایک بزرگ رشتہ دار عید کی خاندانی ملاقات میں آپ کو شرکت کی دعوت دے رہے ہیں۔,جی، ان شاء اللہ ضرور آؤں گا۔
,,,,,,,,,,جی، میں کوشش کروں گا کہ عید پر آ سکوں، لیکن ابھی پکا نہیں کہہ سکتا۔
,,,,,,,,,,مجھے دیکھنا ہوگا کہ اس دن کیا مصروفیت ہے، پھر بتاؤں گا۔
Urdu,Invitation to Celebrations,ساتھی,ساتھی,Medium,Formal,Professional celebration,Neutral,آفس میں ایک فنکشن رکھا ہے، آپ بھی ضرور آئیے گا۔,آپ کا ایک ساتھی دفتر کی تقریب میں شرکت کی دعوت دے رہا ہے۔,شکریہ، اگر مصروفیت نہ ہوئی تو ضرور شرکت کروں گا۔
,,,,,,,,,,شکریہ، لیکن شاید میں اس تقریب میں شرکت نہ کر سکوں۔
,,,,,,,,,,یار، ابھی فیصلہ نہیں کیا، بعد میں بتاؤں گا۔
Urdu,Invitation to Celebrations,دوست,دوست,Low,Informal,Playful invitation,Positive,یار، آج ڈھولکی ہے، آنا لازمی ہے، کوئی بہانہ نہیں۔,آپ کا دوست مزاحیہ انداز میں تقریب میں آپ کی شرکت پر زور دے رہا ہے۔,چلو ٹھیک ہے یار، آج کوئی بہانہ نہیں بناؤں گا۔
,,,,,,,,,,یار، دیکھتا ہوں، شاید آج آنا مشکل ہو۔
,,,,,,,,,,یار، ابھی کچھ مصروفیت ہے، بعد میں بتاؤں گا۔
Urdu,Invitation to Celebrations,سینئر,جونیئر,High,Formal,Obligatory invitation,Negative,کل کی تقریب میں آپ کی موجودگی ضروری ہے۔,آپ کے سینئر ایک دفتری تقریب میں شرکت پر زور دے رہے ہیں۔,جی سر، میں شرکت کرنے کی کوشش کروں گا۔
,,,,,,,,,,جی سر، میں دیکھوں گا۔
,,,,,,,,,,سر، کل میرے لیے شاید تقریب میں آنا ممکن نہ ہو۔
Urdu,Invitation to Celebrations,چچا,بھتیجا,High,Formal,Respectful acceptance,Positive,بیٹا، مجھے خوشی ہوگی اگر تم ضرور آؤ اور سب کے ساتھ کچھ وقت گزارو۔,آپ کے چچا نے گھر پر ایک خاندانی ملاقات کا اہتمام کیا ہے جس میں تمام قریبی رشتہ داروں کو مدعو کیا گیا ہے۔ اس لیے وہ آپ کو دعوت دینا چاہتے ہیں۔,جی چچا جان، ان شاء اللہ میں ضرور آؤں گا۔ آپ کی دعوت کا بہت شکریہ۔
,,,,,,,,,,چچا جان، ابھی میرا آنے کا کوئی ارادہ نہیں۔
,,,,,,,,,,چچا جان، تقریب میں آنا میرے لیے ضروری نہیں۔
Urdu,Invitation to Celebrations,ٹیم لیڈر,ٹیم ممبر,Medium,Formal,Respectful acceptance,Positive,آپ بھی ضرور تشریف لائیے گا۔,آپ کے ٹیم لیڈر نے ٹیم کی حالیہ کامیابی کی خوشی میں تمام اراکین کے لیے ایک غیر رسمی ملاقات کا اہتمام کیا ہے۔ اس لیے وہ آپ کو دعوت دینا چاہتے ہیں۔,بہت شکریہ! ان شاء اللہ میں ضرور تشریف لاؤں گا۔
,,,,,,,,,,جی سر، میں دیکھوں گا۔
,,,,,,,,,,سر، کل شاید میرے لیے آنا مشکل ہو، اگر ممکن ہوا تو بعد میں بتا دوں گا۔
Urdu,Invitation to Celebrations,قریبی دوست,قریبی دوست,Low,Informal,Warm acceptance,Positive,یار، میں نے ایک چھوٹی سی دعوت رکھی ہے۔ تم ضرور آنا۔,آپ کے قریبی دوست نے اپنے نئے گھر میں منتقل ہونے کی خوشی میں ایک مختصر دعوت کا اہتمام کیا ہے۔ وہ چاہتے ہیں کہ آپ بھی اس خوشی میں ضرور شریک ہوں، اس لیے وہ آپ کو دعوت دینا چاہتے ہیں۔,بہت مبارک ہو۔ ان شاء اللہ میں ضرور آؤں گا۔
,,,,,,,,,,یار، دیکھتا ہوں، اگر موڈ ہوا تو آ جاؤں گا۔
,,,,,,,,,,یار، ابھی پکا نہیں کہہ سکتا، شاید کسی اور دن مل لیتے ہیں۔
Urdu,Asking for Permission,طالب علم,استاد,High,Formal,Deferential request,Positive,سر، اگر اجازت ہو تو ایک سوال پوچھنا چاہتا ہوں۔,کلاس کے دوران آپ اپنے استاد سے وضاحت حاصل کرنا چاہتے ہیں۔,جی، ضرور پوچھیں، میں سننے کے لیے حاضر ہوں۔
,,,,,,,,,,اگر ضروری ہوا تو کلاس کے بعد سوال  پوچھیں۔
,,,,,,,,,,ہاں، مگر کلاس کے آخر میں پوچھ سکتے ہیں۔
Urdu,Asking for Permission,بیٹا,والد,High,Formal,Respectful request,Neutral,ابو، کیا میں دوستوں کے ساتھ باہر جا سکتا ہوں؟,آپ اپنے والد سے دوستوں کے ساتھ کچھ وقت گزارنے کے لیے باہر جانے کی اجازت مانگ رہے ہیں۔,ہاں، جا سکتے ہو، مگر وقت کا خیال رکھنا۔
,,,,,,,,,,ہاں، جاؤ۔
,,,,,,,,,,نہیں، ابھی باہر جانے کا وقت نہیں ہے۔
Urdu,Asking for Permission,بیٹی,والدہ,High,Informal,Affectionate request,Positive,امی، کیا میں اپنی دوست کے گھر جا سکتی ہوں؟,آپ اپنی دوست سے ملنے جانا چاہتی ہیں اور والدہ سے اجازت مانگ رہی ہیں۔,ہاں، مگر زیادہ دیر مت کرنا اور پہنچ کر مجھے بتا دینا۔۔
,,,,,,,,,,نہیں، آج گھر میں کافی کام ہیں، اس لیے ابھی نہیں جا سکتی۔
,,,,,,,,,,ہاں، چلی جاؤ۔
Urdu,Asking for Permission,ملازم,افسر,Medium,Formal,Professional request,Neutral,سر، ایک ضروری کام ہے، کیا میں آج تھوڑا جلدی جا سکتا ہوں؟,آپ کو ذاتی کام کی وجہ سے دفتر سے معمول سے پہلے نکلنے کی ضرورت ہے، اس لیے آپ اپنے افسر سے اجازت مانگ رہے ہیں۔,ٹھیک ہے، لیکن ضروری کام نمٹا کر جائیے گا۔
,,,,,,,,,,ہاں، چلے جاؤ۔
,,,,,,,,,,آپ اپنا کام پہلے ختم کریں۔
Urdu,Asking for Permission,دوست,دوست,Low,Informal,Casual request,Positive,یار، ذرا اپنی بائیک دے دو، ایک کام سے جانا ہے۔,آپ اپنے دوست سے مختصر وقت کے لیے اس کی بائیک مانگ رہے ہیں۔,ہاں یار، لے جاؤ، کوئی مسئلہ نہیں۔
,,,,,,,,,,ہاں، لے آؤ۔
,,,,,,,,,,نہیں، مجھے ابھی فون کی ضرورت ہے۔
Urdu,Asking for Permission,دوست,دوست,Low,Informal,Hesitant request,Neutral,یار، ایک بات پوچھوں، برا تو نہیں نہ مانو گے؟,آپ ایک ذاتی نوعیت کی بات چھیڑنے سے پہلے اپنے دوست کی رضامندی جانچ رہے ہیں۔,ارے نہیں یار، پوچھو جو پوچھنا چاہتے ہو۔
,,,,,,,,,,پھر ایسی بات ہی نہ کرنا جس کے بارے میں تمہیں پتا ہو کہ میں برا مانوں گا۔
,,,,,,,,,,پہلے پوچھو، پھر سوچیں گے۔
Urdu,Asking for Permission,طالب علم,استاد,High,Formal,Careful request,Neutral,سر، اگر اجازت ہو تو میں اپنی فائل ابھی جمع کرا دوں؟,کلاس کے بعد آپ استاد سے فائل جمع کرانے کی اجازت طلب کر رہے ہیں۔,جی، اگر آپ کام مکمل کر چکے ہیں تو ابھی فائل جمع کرا سکتے ہیں۔
,,,,,,,,,,ہاں، لے آؤ۔
,,,,,,,,,,نہیں، ابھی میں مصروف ہوں۔
Urdu,Asking for Permission,داماد,سسر,High,Formal,Respect-based request,Positive,ابا جی، اگر آپ مصروف نہ ہوں تو آپ سے ایک بات کرنی تھی۔,آپ اپنے سسر سے بات کرنے کی اجازت طلب کر رہے ہیں۔,جی بیٹا، کہو میں سن رہا ہوں۔
,,,,,,,,,,نہیں، ابھی میں مصروف ہوں۔
,,,,,,,,,,ہاں، کہو۔
Urdu,Asking for Permission,بہو,ساس,High,Formal,Household permission,Neutral,امی جان، اگر آپ کو کوئی اور کام نہیں تو میں تھوڑی دیر آرام کر لوں؟,گھریلو کام مکمل کرنے کے بعد آپ اپنی ساس سے آرام کرنے کی اجازت مانگ رہی ہیں۔,ہاں بیٹا، ضرور، تم نے کافی کام کر لیا ہے اب کوئی کام نہیں، تم جا سکتی ہو۔
,,,,,,,,,,ہاں، کیوں نہیں؟
,,,,,,,,,,یہ ایک کپ چائے بنا دو، پھر چلی جانا۔
Urdu,Asking for Permission,جونیئر,سینئر,Medium,Formal,Hierarchical request,Negative,سر، کیا میں یہ فائل لے آؤں؟,آپ دفتر میں ایک ضروری کام کے سلسلے میں سینئر سے ہدایت حاصل کرنا چاہتے ہیں۔,فی الحال نہیں، میں آپ کو بتا دوں گا کب لانی ہے۔
,,,,,,,,,,ہاں، لے آؤ۔
,,,,,,,,,,تھوڑی دیر بعد لے آنا۔
Urdu,Asking for Permission,دوست,دوست,Low,Informal,Pushy request,Negative,یار، میں تمہارا فون لے رہا ہوں، ٹھیک ہے؟,آپ کا دوست اجازت لینے کے بجائے تقریباً فیصلہ سنا رہا ہے اور صرف رسمی منظوری مانگ رہا ہے۔,ٹھیک ہے یار، لیکن جلد واپس کر دینا۔
,,,,,,,,,,نہیں، مجھے ابھی فون کی ضرورت ہے۔
,,,,,,,,,,کیا تم اجازت کے بغیر فون پکڑ لیتے ہو؟
Urdu,Asking for Permission,بیٹا,والد,High,Formal,Repeated request,Negative,ابو، پلیز، ایک بار جانے دیں۔,آپ پہلے بھی باہر جانے کی اجازت مانگ چکے ہیں اور والد کے انکار کے باوجود دوبارہ اصرار کر رہے ہیں۔,اچھا، اگر اتنا ضروری ہے تو چلے جاؤ، لیکن جلد واپس آ جانا۔
,,,,,,,,,,بیٹا، ضد مت کرو۔
,,,,,,,,,,ٹھیک ہے، چلے جاؤ، بہت ضدی ہو تم۔
Urdu,Asking for Permission,طالب علم,استاد,High,Formal,Late request,Negative,سر، مجھے ایک ضروری کام ہے، کیا میں آج تھوڑا پہلے جا سکتا ہوں؟,کلاس کے دوران آپ استاد سے وقت سے پہلے رخصت ہونے کی اجازت طلب کر رہے ہیں۔,لیکچر ختم ہونے میں زیادہ وقت نہیں، بہتر ہے انتظار کر لو۔
,,,,,,,,,,نہیں جا سکتے۔
,,,,,,,,,,نہیں ہر ضروری کام آپ کو کلاس کے وقت ہی یاد آتا ہے۔
Urdu,Asking for Permission,کزن,کزن,Low,Informal,Friendly ask,Positive,یار، اگر مسئلہ نہ ہو تو میں بھی ساتھ چلوں؟,آپ اپنے کزن سے ساتھ جانے کی اجازت دوستانہ انداز میں مانگ رہے ہیں۔,ارے، کوئی مسئلہ نہیں، چلو ساتھ چلتے ہیں۔
,,,,,,,,,,بہتر ہے کہ تم سکون کرو، کام زیادہ بڑا نہیں ہے۔
,,,,,,,,,,اگر چلنا ہے تو ساتھ چل سکتے ہو۔
Urdu,Asking for Permission,نوجوان,بزرگ رشتہ دار,High,Formal,Authoritative control,Negative,کیا میں دوستوں کے ساتھ باہر جا سکتا ہوں؟,آپ گھر سے باہر جانے سے پہلے اپنے بزرگ رشتہ دار سے اجازت طلب کررہے ہیں۔,ابھی نہیں، پہلے اپنا کام مکمل کرو، پھر جا سکتے ہو۔
,,,,,,,,,,نہیں، ابھی باہر جانے کا وقت نہیں ہے۔
,,,,,,,,,,ہاں، چلے جاؤ۔
Urdu,Asking for Permission,طالب علم,استاد,High,Formal,Respectful request,Positive,سر، اگر اجازت ہو تو کیا میں چند منٹ پہلے کلاس سے جا سکتا ہوں؟,آپ کو یونیورسٹی کی انتظامیہ کے دفتر میں ایک ضروری دستاویز جمع کروانی ہے، جس کا وقت آپ کی کلاس کے دوران ختم ہو جائے گا۔ اس لیے آپ اپنے استاد سے چند منٹ کے لیے کلاس سے باہر جانے کی اجازت لینا چاہتے ہیں۔,جی، اگر معاملہ واقعی ضروری ہے تو آپ جا سکتے ہیں۔ آئندہ کوشش کیجیے گا کہ ایسے کام کلاس کے اوقات سے پہلے یا بعد میں نمٹا لیے جائیں۔
,,,,,,,,,,نہیں، آج کا لیکچر بہت اہم ہے۔
,,,,,,,,,,آپ کو کلاس کے وقت ہی کون سا ضروری کام یاد آتا ہے؟
Urdu,Asking for Permission,جونیئر ساتھی,سینئر ساتھی,Medium,Formal,Respectful request,Positive,سر، اگر اجازت ہو تو مجھے آج ایک گھنٹہ پہلے دفتر سے نکلنا ہوگا۔,آپ کو بینک میں ایک ضروری دستاویز جمع کروانی ہے، جس کا مقررہ وقت دفتر کے اوقات ختم ہونے سے پہلے ہے۔ اس لیے آپ اپنے سینئر ساتھی سے اجازت لینا چاہتے ہیں۔,ٹھیک ہے، اگر آپ نے اپنا ضروری کام مکمل کر لیا ہے تو آپ جا سکتے ہیں۔
,,,,,,,,,,آپ اپنا کام پہلے ختم کریں۔
,,,,,,,,,,آج چلے جائیں، لیکن آئندہ ایسے نہ ہو۔
Urdu,Asking for Permission,کزن,کزن,Low,Informal,Polite request,Positive,اگر تمہیں کوئی مسئلہ نہ ہو تو کیا میں کچھ دیر کے لیے تمہارا لیپ ٹاپ استعمال کر سکتا ہوں؟,آپ کو ایک ضروری رپورٹ میں ترمیم کر کے آج ہی جمع کروانی ہے، لیکن آپ کا اپنا لیپ ٹاپ خراب ہو گیا ہے۔ اس لیے آپ اپنے کزن سے کچھ دیر کے لیے اس کا لیپ ٹاپ استعمال کرنے کی اجازت لینا چاہتے ہیں۔,ضرور یار، کام ہو جائے تو واپس کر دینا، امید ہے تمہاری رپورٹ وقت پر مکمل ہو جائے گی۔
,,,,,,,,,,کر لو، اگر استعمال کرنا ہے تو۔
,,,,,,,,,,ہاں، کر لو۔
Urdu,Accepting & Rejecting Compliments,دوست,دوست,Low,Informal,Modest acceptance,Positive,یار، تم نے کمال کام کیا ہے۔,آپ کا دوست آپ کی کامیابی پر تعریف اور حوصلہ افزائی کر رہا ہے۔,شکریہ یار، بس تمہاری دعاؤں کا نتیجہ ہے، کوشش جاری ہے۔
,,,,,,,,,,یار، مجھے نہیں لگتا میرا کام اتنا بھی اچھا تھا۔
,,,,,,,,,,یار، سچ کہوں تو مجھے خود اپنا کام خاص پسند نہیں آیا۔
Urdu,Accepting & Rejecting Compliments,دوست,دوست,Low,Informal,Playful rejection,Neutral,یار، آج تو بڑے ہی سمارٹ لگ رہے ہو۔,آپ کا دوست ہلکے پھلکے انداز میں آپ کی تعریف کر رہا ہے۔,ارے چھوڑ یار، اتنی بھی تعریف نہ کرو۔
,,,,,,,,,, آج تمہیں کچھ زیادہ ہی تعریف سوجھ رہی ہے۔
,,,,,,,,,,یار، سمارٹ تو تم کہہ رہے ہو، مجھے تو آج اپنی شکل بھی ٹھیک نہیں لگ رہی۔
Urdu,Accepting & Rejecting Compliments,استاد,طالب علم,Medium,Formal,Respectful deflection,Positive,تمہاری پریزنٹیشن بہت اچھی تھی۔,استاد کلاس میں آپ کی کارکردگی کو سراہ رہے ہیں۔,بہت شکریہ سر، ابھی بھی بہت کچھ سیکھنا باقی ہے۔
,,,,,,,,,,سر، میرے خیال میں پریزنٹیشن اتنی اچھی نہیں تھی۔
,,,,,,,,,,سر، مجھے لگتا ہے آپ نے شاید زیادہ تعریف کر دی ہے، اس میں کافی کمیاں تھیں۔
Urdu,Accepting & Rejecting Compliments,والد,بیٹا,High,Formal,Grateful acceptance,Positive,آج تم نے بہت اچھا کام کیا ہے۔,والد آپ کی محنت اور ذمہ داری کی تعریف کر رہے ہیں۔,بہت شکریہ ابو، آپ کی دعاوں کا نتیجہ ہے۔
,,,,,,,,,,میرا خیال ہے آپ نے شاید میرے کام کو کچھ زیادہ ہی سراہا ہے۔
,,,,,,,,,,ابو، ٹھیک ہے، لیکن میں نے تو بس معمول کا کام کیا ہے، اس میں اتنی خاص بات نہیں۔
Urdu,Accepting & Rejecting Compliments,والدہ,بیٹی,High,Informal,Affectionate acceptance,Positive,آج تو کھانے کا ذائقہ ہی الگ تھا۔,والدہ آپ کی کھانا پکانے کی تعریف کر رہی ہیں۔,شکریہ امی، آپ کو پسند آیا تو میری محنت وصول ہو گئی۔
,,,,,,,,,,امی، اگر آپ کو پسند آیا تو اچھی بات ہے، مجھے خود ذائقہ کچھ خاص نہیں لگا۔
,,,,,,,,,,امی، اچھا لگا کہ آپ کو پسند آیا، لیکن اگلی بار میں شاید اتنی محنت نہ کروں۔
Urdu,Accepting & Rejecting Compliments,کزن,کزن,Low,Informal,Light rejection,Neutral,آج تو بڑے اسٹائل میں لگ رہے ہو۔,کزن مذاق اور محبت بھرے انداز میں تعریف کر رہا ہے۔,ہاہا، تم بھی نا، بڑھا چڑھا کر بات کرتے ہو۔
,,,,,,,,,,مجھے نہیں لگتا آج میں کوئی خاص اسٹائل میں ہوں۔
,,,,,,,,,,تمہیں اگر اچھا لگ رہا ہے تو ٹھیک ہے، لیکن مجھے تو یہ لباس کچھ خاص نہیں لگ رہا۔
Urdu,Accepting & Rejecting Compliments,دوست,دوست,Low,Informal,Over-acceptance,Negative,یار، تم نے تو کمال کر دیا۔,آپ کا دوست آپ کی کسی کامیابی پر مبالغہ آمیز تعریف کر رہا ہے۔,پتا ہے یار، میں نے کافی محنت کی تھی۔
,,,,,,,,,,میں نے تو ہمیشہ ہی اچھا کام کیا ہے، اس میں نئی بات کیا ہے۔
,,,,,,,,,,یہ تو میرے لیے عام سی بات ہے، میں اس سے بھی بہتر کر سکتا ہوں۔
Urdu,Accepting & Rejecting Compliments,سینئر,جونیئر,High,Formal,Measured acceptance,Neutral,یہ رپورٹ تم نے کافی اچھی تیار کی ہے۔,سینئر ایک دفتری رپورٹ کا جائزہ لینے کے بعد آپ کی کارکردگی کی تعریف کر رہا ہے۔,شکریہ، خوشی ہے کہ رپورٹ آپ کی توقعات پر پوری اتری۔
,,,,,,,,,,رپورٹ تو میں نے اپنی طرف سے بہترین تیار کی ہے، اس میں زیادہ تبدیلی کی گنجائش نہیں۔
,,,,,,,,,,جی، رپورٹ اچھی ہے، لیکن مجھے نہیں لگتا کہ آپ کی توقعات پوری کرنا کوئی خاص کامیابی ہے۔
Urdu,Accepting & Rejecting Compliments,بزرگ رشتہ دار,نوجوان,High,Formal,Humble rejection,Positive,تم تو کافی سمجھدار ہو گئے ہو۔,ایک خاندانی گفتگو میں بزرگ رشتہ دار نوجوان کی تعریف کر رہا ہے۔,بہت شکریہ، لیکن ابھی مجھ سے بھی غلطیاں ہو جاتی ہیں۔
,,,,,,,,,,لیکن مجھے نہیں لگتا کہ میں اتنا بھی سمجھدار ہوں۔
,,,,,,,,,,جی، سمجھداری تو ٹھیک ہے، لیکن گھر میں اکثر سب میری غلطیاں ہی نکالتے ہیں۔
Urdu,Accepting & Rejecting Compliments,دوست,دوست,Low,Informal,Teasing response,Neutral,یار، آج تو بڑے اسٹائلش لگ رہے ہو۔,دوست مذاق اور تعریف کے ملے جلے انداز میں بات کر رہا ہے۔,ہاہا، زیادہ مکھن نہ لگاؤ۔
,,,,,,,,,,یار، مجھے نہیں لگتا میں نے کوئی خاص کمال کیا ہے۔
,,,,,,,,,,ہاں یار، اتنی بھی تعریف مت کرو۔
Urdu,Accepting & Rejecting Compliments,استاد,طالب علم,Medium,Formal,Corrective humility,Neutral,تم نے آج بہت اچھا جواب دیا۔,کلاس کے دوران استاد آپ کے جواب کی تعریف کر رہے ہیں۔,شکریہ سر، ابھی بہت کچھ سیکھنا باقی ہے۔
,,,,,,,,,,شکریہ سر، لیکن مجھے لگتا ہے یہ جواب اتنا اچھا نہیں تھا جتنا آپ کہہ رہے ہیں۔
,,,,,,,,,,جی سر، اگر آپ کو اچھا لگا تو ٹھیک ہے، لیکن میں اسے اپنی کوئی بڑی کامیابی نہیں سمجھتا۔
Urdu,Accepting & Rejecting Compliments,دوست,دوست,Low,Informal,Defensive rejection,Negative,یار، تم تو بہت ذہین ہو۔,دوست آپ کی تعریف کر رہا ہے لیکن آپ تعریف کو قبول کرنے کے بجائے رد کر رہے ہیں۔,نہیں یار، تم بس بلاوجہ میری تعریف کرتے رہتے ہو۔
,,,,,,,,,,نہیں یار، میں کہاں ذہین ہوں، تم بس مذاق کر رہے ہو۔
,,,,,,,,,,ہاہا، تمہیں تو ہر بات میں میری تعریف کرنے کی عادت پڑ گئی ہے۔
Urdu,Accepting & Rejecting Compliments,والد,بیٹا,High,Formal,Expectation setting,Negative,اچھے نمبر آئے ہیں، اب یہی معیار برقرار رکھنا۔,والد آپ کی کامیابی کو سراہتے ہوئے اس سے مستقبل میں بھی اچھی کارکردگی کی توقع کر رہے ہیں۔,جی ابو، میں پوری کوشش کروں گا۔
,,,,,,,,,,جی ابو، لیکن ہر بار اتنے اچھے نمبر لانا ممکن نہیں ہوگا۔
,,,,,,,,,,ابو، اس دفعہ اچھے نمبر آ گئے ہیں، لیکن اگلی بار دیکھیں گے کیا ہوتا ہے۔
Urdu,Accepting & Rejecting Compliments,کزن,کزن,Low,Informal,Defensive Rejection,Negative,یار، آج تو تم محفل کی جان بنے ہوئے تھے۔,ایک خاندانی تقریب کے بعد کزن آپ کی تعریف کر رہا ہے۔,چھوڑو یار، ایسی کوئی خاص بات نہیں تھی۔
,,,,,,,,,,یار، محفل کی جان تو شاید تمہیں ہی لگ رہی ہے، مجھے تو ایسا کچھ نہیں لگا۔
,,,,,,,,,,میں نے تو عام سا وقت گزارا تھا۔
Urdu,Accepting & Rejecting Compliments,ساتھی,ساتھی,Medium,Formal,Defensive Professional response,Negative,آج کی پریزنٹیشن کافی متاثر کن تھی۔,ایک ساتھی میٹنگ کے بعد آپ کی پریزنٹیشن کی تعریف کر رہا ہے، لیکن آپ اس تعریف کو پوری طرح قبول نہیں کر رہے۔,شاید آپ ضرورت سے زیادہ تعریف کر رہے ہیں، ابھی کافی خامیاں باقی ہیں۔
,,,,,,,,,,شکریہ، لیکن پریزنٹیشن میں اتنی خامیاں تھیں کہ مجھے سمجھ نہیں آتی آپ کو یہ اتنی متاثر کن کیوں لگی۔
,,,,,,,,,,آپ کو اچھی لگی تو ٹھیک ہے، لیکن میرے خیال میں ابھی اس میں کافی بہتری کی ضرورت ہے۔
Urdu,Accepting & Rejecting Compliments,استاد,طالب علم,High,Formal,Humble acceptance,Positive,آپ کی کارکردگی واقعی قابلِ تعریف ہے، اسی لگن کو آئندہ بھی برقرار رکھیے۔,آپ نے حال ہی میں ایک تحقیقی منصوبہ کامیابی سے مکمل کیا ہے، جس میں آپ نے بھرپور محنت اور ذمہ داری کا مظاہرہ کیا۔,بہت شکریہ سر، یہ آپ کی حوصلہ افزائی اور رہنمائی کا نتیجہ ہے۔ میں آئندہ بھی پوری محنت کے ساتھ بہتر کارکردگی دکھانے کی کوشش کروں گا۔
,,,,,,,,,,سر، میں سمجھتا ہوں کہ میری کارکردگی میں ابھی کوئی خاص بات نہیں۔
,,,,,,,,,,سر، میں نے تو صرف اپنا کام کیا ہے، اسے اتنا بڑا کارنامہ نہیں سمجھتا۔
Urdu,Accepting & Rejecting Compliments,سینئر ساتھی,جونیئر ساتھی,Medium,Formal,Grateful acceptance,Positive,آپ کی تیاری اور محنت واضح نظر آ رہی تھی، واقعی بہت اچھا کام کیا۔,آپ نے حال ہی میں ایک اہم پریزنٹیشن کامیابی سے پیش کی ہے، جسے دفتر میں سب نے پسند کیا۔ آپ کے سینئر ساتھی آپ کی کارکردگی کو سراہتے ہوئے آپ کی حوصلہ افزائی کرنا چاہتے ہیں۔,بہت شکریہ! آپ کی حوصلہ افزائی میرے لیے بہت اہم ہے۔
,,,,,,,,,,شکریہ، لیکن مجھے نہیں لگتا کہ میری تیاری اتنی اچھی تھی جتنی آپ کہہ رہے ہیں۔
,,,,,,,,,,شکریہ، میں نے کوشش ضرور کی تھی، لیکن میرے خیال میں پریزنٹیشن میں ابھی کافی بہتری کی گنجائش ہے۔
Urdu,Accepting & Rejecting Compliments,قریبی دوست,قریبی دوست,Low,Informal,Humorous acceptance,Positive,یار، یہ تصویر تم نے کھینچی ہے یا کسی پروفیشنل فوٹوگرافر کو چھپ کر نوکری پر رکھا ہوا ہے؟,آپ نے حال ہی میں ایک خوبصورت تصویر کھینچی ہے، جسے دیکھ کر آپ کا قریبی دوست بہت متاثر ہوا ہے۔ وہ آپ کی صلاحیت کی تعریف کرنا چاہتا ہے۔,ہاہا، شکریہ! اب تو لگ رہا ہے مفت کا فوٹوگرافر بننا پڑے گا۔
,,,,,,,,,,یار، تصویر تو بس اتفاق سے اچھی آ گئی ہے۔
,,,,,,,,,,ارے نہیں یار، فوٹوگرافی تو کوئی خاص کمال نہیں۔
Urdu,Apologies for Mistakes,استاد,طالب علم,Medium,Formal,Respectful apology,Positive,تم نے اسائنمنٹ وقت پر جمع نہیں کرائی۔,استاد آپ کی اسائنمنٹ دیر سے جمع ہونے کی نشاندہی کر رہے ہیں۔,معذرت سر، مجھ سے تاخیر ہو گئی، آئندہ وقت پر جمع کرانے کی پوری کوشش کروں گا۔
,,,,,,,,,,معذرت سر، لیکن مجھے نہیں لگتا کہ تاخیر اتنی بڑی بات ہے۔
,,,,,,,,,,سر، اسائنمنٹ دیر سے جمع ہوئی ہے، مگر اس میں میری کوئی خاص غلطی نہیں تھی۔
Urdu,Apologies for Mistakes,افسر,ملازم,High,Formal,Professional apology,Neutral,رپورٹ میں ایک اہم غلطی رہ گئی ہے۔,افسر آپ کی تیار کردہ رپورٹ میں موجود غلطی کی نشاندہی کر رہا ہے۔,معاف کیجیے گا سر، میں رپورٹ دوبارہ چیک کرکے فوری طور پر درست کر دیتا ہوں۔
,,,,,,,,,,معاف کیجیے گا سر، رپورٹ میں غلطی رہ گئی، لیکن آپ خود بھی اسے ایک بار چیک کر لیتے تو بہتر ہوتا۔
,,,,,,,,,,سر، غلطی تو ہو گئی ہے، اب اتنی فکر کرنے کی ضرورت نہیں، میں بعد میں دیکھ لوں گا۔
Urdu,Apologies for Mistakes,والد,بیٹا,High,Formal,Obedient apology,Positive,میں نے تمہیں پہلے ہی سمجھایا تھا۔,والد آپ کی ایک غلطی پر ناراضی کا اظہار کر رہے ہیں۔,معذرت ابو، مجھے آپ کی بات مان لینی چاہیے تھی، آئندہ ایسا نہیں ہوگا۔
,,,,,,,,,,معذرت ابو، لیکن مجھے نہیں لگتا کہ میں نے کوئی بہت بڑی غلطی کی ہے۔
,,,,,,,,,,ابو، میں نے وہی کیا جو مجھے صحیح لگا، اگر آپ کو پسند نہیں آیا تو آئندہ آپ خود بتا دیجیے گا۔
Urdu,Apologies for Mistakes,والدہ,بیٹی,High,Informal,Affectionate apology,Positive,میں تمہارا کب سے انتظار کر رہی تھی۔,والدہ آپ کے دیر سے گھر پہنچنے پر اپنی پریشانی کا اظہار کر رہی ہیں۔,معاف کر دیں امی، مجھے آنے میں دیر ہو گئی، آئندہ وقت کا زیادہ خیال رکھوں گی۔
,,,,,,,,,,امی، مجھے دیر ہو گئی تو ہو گئی، آپ کو اتنا انتظار نہیں کرنا چاہیے تھا۔
,,,,,,,,,,امی، میں نے جان بوجھ کر دیر نہیں کی، آپ کو اتنی فکر کرنے کی ضرورت نہیں تھی۔
Urdu,Apologies for Mistakes,دوست,دوست,Low,Informal,Casual apology,Neutral,یار، تم میرا کام کرنا بھول گئے تھے۔,آپ کا دوست اس کام کا ذکر کر رہا ہے جو آپ اس کے لیے کرنا بھول گئے تھے۔,سوری یار، یہ واقعی میری غلطی تھی، آئندہ یاد رکھوں گا۔
,,,,,,,,,,سوری یار، میں بھول گیا تھا، لیکن تم خود بھی مجھے یاد دلا سکتے تھے۔
,,,,,,,,,,یار، بھول تو گیا تھا، لیکن اس میں اتنی ناراضی والی بات نہیں، تم بعد میں کر لیتے۔
Urdu,Apologies for Mistakes,دوست,دوست,Low,Informal,Defensive apology,Negative,یار، تمہاری وجہ سے مجھے کافی دیر انتظار کرنا پڑا۔,آپ کا دوست تاخیر کی وجہ سے اپنی ناراضی کا اظہار کر رہا ہے۔,معاف کرنا یار، میری وجہ سے دیر ہوئی، لیکن راستے میں بہت ٹریفک تھی۔
,,,,,,,,,,معاف کرنا یار، ٹریفک کا مسئلہ تھا، لیکن تم بھی تھوڑا انتظار کر لیتے۔
,,,,,,,,,,سوری یار، دیر ہو گئی، مگر ہر بار میری ہی غلطی نہیں ہوتی، آج بس حالات ایسے تھے۔
Urdu,Apologies for Mistakes,جونیئر,سینئر,Medium,Formal,Authoritative apology,Negative,آپ نے سب کے سامنے مجھ سے بہت سخت لہجے میں بات کی تھی۔,آپ اپنے سینئر کے سخت رویے پر ناراضی کا اظہار کر رہے ہیں۔,اگر میری بات سے آپ کو برا لگا ہو تو میں معذرت چاہتا ہوں، میرا مقصد صرف کام کی نشاندہی کرنا تھا۔
,,,,,,,,,,اگر آپ کو میری بات سخت لگی تو شاید آپ نے اسے ضرورت سے زیادہ سنجیدگی سے لیا۔
,,,,,,,,,,میں نے جو کہا وہ کام کے حوالے سے تھا، اسے ذاتی طور پر لینے کی ضرورت نہیں تھی۔
Urdu,Apologies for Mistakes,سینئر,جونیئر,High,Formal,Deferential apology,Positive,آپ نے یہ کام ہدایات کے مطابق مکمل نہیں کیا۔,سینئر آپ کے کام میں موجود خامی کی طرف توجہ دلا رہا ہے۔,معذرت سر، مجھ سے غلطی ہو گئی، میں اسے فوراً درست کر دیتا ہوں۔
,,,,,,,,,,سر، ہدایات پوری طرح واضح نہیں تھیں، اسی لیے کام میں کچھ کمی رہ گئی۔
,,,,,,,,,,سر، میں نے کام اپنی سمجھ کے مطابق کیا تھا، اگر طریقہ درست نہیں تھا تو آپ بتا دیجیے، میں دیکھ لیتا ہوں۔
Urdu,Apologies for Mistakes,ساتھی,ساتھی,Medium,Formal,Professional regret,Neutral,فائل غلط فولڈر میں بھیج دی گئی تھی، جس کی وجہ سے تاخیر ہوئی۔,آپ کا ساتھی فائل کی غلط جگہ منتقلی کی وجہ سے پیدا ہونے والے مسئلے کی نشاندہی کر رہا ہے۔,معذرت، یہ غلطی مجھ سے ہوئی تھی، میں آئندہ زیادہ احتیاط کروں گا۔
,,,,,,,,,,فائل غلط فولڈر میں چلی گئی تھی، لیکن میرے خیال میں اس سے اتنی بڑی تاخیر نہیں ہونی چاہیے تھی۔
,,,,,,,,,,معذرت، مگر فائل غلط جگہ بھیجنے کی ذمہ داری صرف میری نہیں تھی، آپ بھی اسے چیک کر سکتے تھے۔
Urdu,Apologies for Mistakes,کزن,کزن,Low,Informal,Friendly apology,Positive,یار، مجھے کافی دیر تمہارا انتظار کرنا پڑا۔,آپ کا کزن آپ کے دیر سے پہنچنے کا ذکر کر رہا ہے۔,معاف کرنا یار، راستے میں کچھ دیر ہو گئی، تمہیں انتظار کروانا نہیں چاہتا تھا۔
,,,,,,,,,,معاف کرنا یار، دیر ہو گئی، لیکن تمہیں اتنی جلدی آنے کی کیا ضرورت تھی؟
,,,,,,,,,,سوری یار، میں لیٹ ہو گیا تھا، مگر تم بھی تھوڑا انتظار کر لیتے، اتنی ناراضی کی ضرورت نہیں تھی۔
Urdu,Apologies for Mistakes,استاد,طالب علم,Medium,Formal,Corrective apology,Neutral,تم آج کلاس میں دیر سے آئے ہو۔,استاد آپ کے دیر سے آنے کی نشاندہی کر رہے ہیں۔,میں معذرت چاہتا ہوں، آئندہ وقت کا خیال رکھوں گا۔
,,,,,,,,,,معذرت سر، آج تھوڑی دیر ہو گئی، لیکن کلاس شروع ہونے کے بعد بھی تو آ سکتا تھا۔
,,,,,,,,,,سر، میں دیر سے آیا ہوں، مگر کبھی کبھار ایسا ہو جاتا ہے، اس پر اتنی فکر کرنے کی ضرورت نہیں۔
Urdu,Apologies for Mistakes,والد,بیٹا,High,Formal,Harsh correction,Negative,میں نے تمہیں پہلے ہی منع کیا تھا۔,والد آپ کو کسی ایسی حرکت پر ڈانٹ رہے ہیں جس سے انہوں نے پہلے منع کیا تھا۔,معاف کر دیں ابو، مجھ سے غلطی ہو گئی، آئندہ ایسا نہیں ہوگا۔
,,,,,,,,,,معاف کیجیے ابو، لیکن میں نے جو کیا اپنی سمجھ کے مطابق ہی کیا تھا۔
,,,,,,,,,,ابو، میں جانتا ہوں آپ نے منع کیا تھا، لیکن مجھے نہیں لگا کہ اس میں کوئی خاص مسئلہ ہے۔
Urdu,Apologies for Mistakes,دوست,دوست,Low,Informal,Defensive Apology,Negative,تم نے میرے میسج کا جواب اتنی دیر سے دیا۔,آپ کا دوست آپ سے پیغام کا دیر سے جواب دینے پر ناراضی کا اظہار کر رہا ہے۔,معذرت، مگر میں بھی اپنے کاموں میں مصروف تھا۔
,,,,,,,,,,سوری یار، میں مصروف تھا، تمہیں اتنی جلدی جواب چاہیے تھا تو پہلے بتا دیتے۔
,,,,,,,,,,یار، جواب دیر سے دیا تو دیا، ہر بات پر اتنی ناراضی بھی اچھی نہیں لگتی۔
Urdu,Apologies for Mistakes,بزرگ رشتہ دار,نوجوان,High,Formal,Respectful regret,Neutral,تمہیں بات کرنے کا طریقہ نہیں ہے کہ بڑوں سے کیسے بات کرتے ہیں۔,ایک بزرگ رشتہ دار آپ کے رویے پر ناراضی کا اظہار کر رہا ہے اور آپ کے اندازِ گفتگو کی نشاندہی کر رہا ہے۔,معاف کیجیے، اگر میری بات سے بے ادبی محسوس ہوئی ہو، آئندہ خیال رکھوں گا۔
,,,,,,,,,,معاف کیجیے، لیکن مجھے نہیں لگتا میری بات میں کوئی بے ادبی تھی۔
,,,,,,,,,,جی، اگر آپ کو میرا انداز پسند نہیں آیا تو آئندہ میں کم بات کروں گا۔
Urdu,Apologies for Mistakes,ساتھی,ساتھی,Medium,Formal,Minimal apology,Negative,آپ کی اس غلطی کی وجہ سے کام میں تاخیر ہوئی ہے۔,آپ کا ساتھی کام میں ہونے والی ایک معمولی لیکن اثر انداز غلطی کی نشاندہی کر رہا ہے۔,معذرت، آئندہ خیال رکھوں گا۔
,,,,,,,,,,معذرت، لیکن یہ غلطی اتنی بڑی نہیں تھی کہ کام میں اتنی تاخیر ہو جاتی۔
,,,,,,,,,,مجھے افسوس ہے، مگر اس تاخیر کی ذمہ داری صرف میری نہیں ہے، کچھ مسئلہ دوسری طرف سے بھی ہوا تھا۔
Urdu,Apologies for Mistakes,افسر,ملازم,Medium,Formal,Sincere apology,Neutral,رپورٹ وقت پر مکمل نہ ہونے سے ہماری پیشہ ورانہ ساکھ متاثر ہوئی ہے۔ مجھے امید ہے آپ اس تاخیر کی وجہ واضح کریں گے۔,آپ کو ایک اہم کلائنٹ کے لیے رپورٹ مقررہ وقت تک مکمل کرنی تھی، لیکن وہ وقت پر جمع نہیں ہو سکی۔,سر، اس غلطی پر میں دل سے معذرت خواہ ہوں۔ یہ میری کوتاہی تھی، اور آئندہ میں ایسی غلطی دوبارہ نہیں ہونے دوں گا۔
,,,,,,,,,,رپورٹ میں تاخیر ہوئی ہے، لیکن میرے خیال میں اس کی وجہ صرف میری طرف سے نہیں تھی۔
,,,,,,,,,,معذرت سر، لیکن ڈیڈ لائن بہت کم تھی، اس لیے اتنی تاخیر کو صرف میری کوتاہی نہیں کہا جا سکتا۔
Urdu,Apologies for Mistakes,والد,بیٹا,High,Formal,Sincere apology,Negative,بیٹا، میں نے تم سے کہا تھا کہ بل آخری تاریخ سے پہلے جمع کرا دینا۔,آپ کو گھر کے ایک ضروری بل کی آخری تاریخ سے پہلے ادائیگی کرنے کی ذمہ داری دی گئی تھی، لیکن آپ یہ کام وقت پر نہیں کر سکے۔,ابو، معذرت چاہتا ہوں، میرا دھیان نہیں رہا۔ آئندہ میں ضرور اس بات کا خیال رکھوں گا۔
,,,,,,,,,,ابو، بل دیر سے جمع ہوا تو ہوا، اتنی بڑی بات نہیں، اگلی بار دیکھ لوں گا۔
,,,,,,,,,,ابو، مجھے یاد نہیں رہا تھا، لیکن آپ خود بھی مجھے ایک بار یاد دلا دیتے تو بہتر ہوتا۔
Urdu,Apologies for Mistakes,بڑی بہن,چھوٹی بہن,Low,Informal,Sincere apology,Negative,مجھے میری وہ چیز نہیں مل رہی جو میں نے تمہیں سنبھال کر رکھنے کے لیے دی تھی۔,آپ کو آپ کی بڑی بہن نے ایک ضروری چیز سنبھال کر رکھنے کے لیے دی تھی، لیکن وہ غلطی سے آپ سے گم ہو گئی۔,آپی، سوری! مجھ سے واقعی غلطی ہو گئی۔ شاید میں نے کہیں رکھ کر بھول گئی، ابھی ڈھونڈتی ہوں۔
,,,,,,,,,,آپی، سوری، لیکن اگر وہ چیز اتنی ضروری تھی تو آپ کو خود بھی سنبھال کر رکھنی چاہیے تھی۔
,,,,,,,,,,آپی، مجھے نہیں مل رہی تو شاید کہیں اور رکھی ہو، پہلے آپ اپنا سامان بھی چیک کر لو۔
Urdu,Health Enquiry,دوست,دوست,Low,Informal,Caring enquiry,Positive,یار، طبیعت اب کیسی ہے؟ سنا تھا تم بیمار تھے۔,آپ بیماری کے بعد اپنے دوست کی خیریت دریافت کر رہے ہیں۔,الحمدللہ، اب پہلے سے کافی بہتر ہوں، تمہاری فکر کا شکریہ۔
,,,,,,,,,,اب ٹھیک ہوں، بیماری تو معمولی سی تھی۔
,,,,,,,,,,ہاں یار، اب بہتر ہوں۔
Urdu,Health Enquiry,دوست,دوست,Low,Informal,Casual check,Neutral,یار، طبیعت اب ٹھیک ہے نا؟,آپ اپنے دوست کی خیریت دریافت کر رہے ہیں جو حال ہی میں طبیعت خراب ہونے کی وجہ سے پریشان تھا۔,ہاں یار، اب کافی بہتر ہوں، بس تھوڑی کمزوری ہے۔
,,,,,,,,,,ہاں یار، اب بہتر ہوں۔
,,,,,,,,,,اب ٹھیک ہوں، بیماری تو معمولی سی تھی۔
Urdu,Health Enquiry,والد,بیٹا,High,Formal,Concerned enquiry,Positive,بیٹا، اب طبیعت کیسی ہے؟ میں تمہارے بارے میں فکر مند تھا۔,والد آپ کی بیماری کے بعد آپ کی خیریت دریافت کر رہے ہیں۔,جی ابو، اللہ کا شکر ہے، اب کافی بہتر ہوں، آپ کی فکر کا شکریہ۔
,,,,,,,,,,ابو، اب کافی بہتر ہوں، آپ کو اتنی فکر کرنے کی ضرورت نہیں تھی۔
,,,,,,,,,,ابو، اب ٹھیک ہوں۔
Urdu,Health Enquiry,والدہ,بیٹی,High,Informal,Maternal concern,Positive,بیٹا، اب طبیعت ٹھیک ہے نا؟ میں تمہارے لیے پریشان تھی۔,والدہ بیماری کے بعد آپ کی خیریت دریافت کر رہی ہیں۔,جی امی، اب کافی بہتر ہوں، آپ فکر نہ کریں ۔
,,,,,,,,,,امی، اب طبیعت بہتر ہے، آپ کو اتنی پریشان ہونے کی ضرورت نہیں تھی۔
,,,,,,,,,,امی، اب ٹھیک ہوں، اگر زیادہ فکر ہو رہی تھی تو پہلے ہی فون کر لیا کریں۔
Urdu,Health Enquiry,بزرگ رشتہ دار,نوجوان,High,Formal,Respectful enquiry,Positive,بیٹا، اب صحت کیسی ہے؟ سب خیریت تو ہے؟,ایک بزرگ رشتہ دار آپ کی صحت کے بارے میں فکر مندی سے پوچھ رہے ہیں۔,جی الحمدللہ، سب خیریت ہے، آپ کی دعاؤں کا بہت شکریہ۔
,,,,,,,,,,جی، الحمدللہ اب کافی بہتر ہوں۔
,,,,,,,,,,جی، اب طبیعت ٹھیک ہے۔
Urdu,Health Enquiry,پڑوسی,پڑوسی,Medium,Formal,Polite enquiry,Neutral,سنا ہے آپ کی طبیعت کچھ دنوں سے خراب تھی، اب کیسی ہے؟,ایک پڑوسی آپ کی خیریت دریافت کر رہا ہے کیونکہ وہ آپ کی بیماری کے بارے میں سن چکا ہے۔,جی، اب کافی بہتر ہوں، پوچھنے کا شکریہ۔
,,,,,,,,,,جی، اب کافی بہتر ہوں۔
,,,,,,,,,,جی، طبیعت تو ٹھیک ہے۔
Urdu,Health Enquiry,استاد,طالب علم,Medium,Formal,Professional concern,Neutral,کیا اب طبیعت سنبھل گئی ہے؟,استاد بیماری کی وجہ سے غیر حاضری پر آپ کی خیریت دریافت کر رہے ہیں۔,جی سر، اللہ کا شکر ہے، اب طبیعت کافی بہتر ہے۔
,,,,,,,,,,جی سر، ابھی مکمل طور پر کام کرنے کی حالت میں نہیں ہوں۔
,,,,,,,,,,سر، مجھے لگتا ہے چند دن مزید آرام کی ضرورت ہے۔
Urdu,Health Enquiry,دوست,دوست,Low,Informal,Teasing enquiry,Negative,ابھی بھی ڈرامہ چل رہا ہے یا واقعی طبیعت خراب ہے؟,دوست مذاق اور شکوک بھرے انداز میں آپ کی بیماری کے بارے میں پوچھ رہا ہے۔,یار، واقعی طبیعت خراب تھی، ہر چیز کو مذاق مت سمجھا کرو۔
,,,,,,,,,,یار، واقعی طبیعت خراب تھی، لیکن تمہیں یقین نہیں تو اپنی مرضی سمجھو۔
,,,,,,,,,,ہاں یار، بیماری تو تھی، مگر اتنی بھی نہیں جتنی تم سمجھ رہے ہو۔
Urdu,Health Enquiry,سینئر,جونیئر,High,Formal,Duty-focused enquiry,Neutral,اب طبیعت بہتر ہے؟ کیا آپ معمول کے مطابق کام کر سکیں گے؟,سینئر بیماری کے بعد آپ کی صحت اور کام کی صلاحیت کے بارے میں پوچھ رہا ہے۔,جی سر، اب کافی بہتر ہوں اور معمول کے مطابق کام کر سکتا ہوں۔
,,,,,,,,,,جی سر، لیکن کام کرنے کے لیے ابھی مجھے مزید آرام چاہیے۔
,,,,,,,,,,سر، اگر کام ضروری ہے تو میں دیکھ لیتا ہوں کہ کیا کر سکتا ہوں۔
Urdu,Health Enquiry,ساس,بہو,High,Formal,Household concern,Positive,بیٹا، اب کمزوری تو نہیں؟,ساس بیماری کے بعد  آپ کی کی خیریت دریافت کر رہی ہیں۔,جی امی جان، اب کافی بہتر ہوں، آپ کی دعاؤں اور فکر کا شکریہ۔
,,,,,,,,,,جی امی، اب ٹھیک ہوں، آپ بار بار پوچھ کر مجھے مزید پریشان نہ کریں۔
,,,,,,,,,,امی، کمزوری تو نہیں ہے۔
Urdu,Health Enquiry,دوست,دوست,Low,Informal,Dismissive enquiry,Negative,اب بھی طبیعت کا بہانہ چل رہا ہے؟,آپ کا دوست آپ کی بیماری کو سنجیدگی سے نہیں لے رہا اور طنزیہ انداز میں بات کر رہا ہے۔,یار، واقعی طبیعت خراب تھی، ہر بات کو مذاق مت سمجھا کرو۔
,,,,,,,,,,یار، ابھی بھی طبیعت کچھ خراب ہے، تمہیں اگر یقین نہیں تو رہنے دو۔
,,,,,,,,,,ہاں یار، اب کافی بہتر ہوں، بس تم ہر بار بیماری کا پوچھ کر موڈ خراب نہ کرو۔
Urdu,Health Enquiry,بزرگ,نوجوان,High,Formal,Advisory concern,Neutral,بیٹا، دوائی وقت پر لے رہے ہو نا؟ لاپرواہی مت کرنا۔,ایک بزرگ آپ کی صحت یابی کے بارے میں فکر مندی کا اظہار کرتے ہوئے دوائی باقاعدگی سے لینے کی تلقین کر رہے ہیں۔,جی، میں دوائی وقت پر لے رہا ہوں، آپ کی نصیحت کا شکریہ۔
,,,,,,,,,,جی، دوا لے رہا ہوں، جب یاد آئے گی لے لوں گا۔
,,,,,,,,,,آپ فکر نہ کریں، کبھی کبھی دوا رہ بھی جائے تو کوئی خاص مسئلہ نہیں ہوتا۔
Urdu,Health Enquiry,ساتھی,ساتھی,Medium,Formal,Professional check-in,Negative,طبیعت کی وجہ سے کام متاثر تو نہیں ہوا؟,ایک ساتھی آپ کی بیماری کے اثرات کے بارے میں پوچھ رہا ہے۔,کام مکمل ہو گیا تھا، اتنی بھی طبیعت خراب نہیں تھی جتنا سمجھا جا رہا ہے۔
,,,,,,,,,,کام تو مکمل ہو گیا تھا، اس لیے بیماری کا کام پر کوئی خاص اثر نہیں پڑا۔
,,,,,,,,,,معذرت، طبیعت خراب تھی، اس وجہ سے کام کی رفتار کچھ کم رہی۔
Urdu,Health Enquiry,کزن,کزن,Low,Informal,Friendly concern,Negative,اب کیسا محسوس کر رہے ہو؟,آپ کا کزن بیماری کے بعد آپ کی خیریت دریافت کر رہا ہے۔,طبیعت تو بہتر ہے، لیکن بیماری نے کافی پریشان کر دیا تھا۔
,,,,,,,,,,طبیعت اب بہتر ہے۔
,,,,,,,,,,ہاں، اب بہتر ہوں۔
Urdu,Health Enquiry,دوست,دوست,Low,Informal,Impatient enquiry,Negative,آخر کب تک بیمار رہنے کا ارادہ ہے؟,دوست بے صبری اور ہلکے طنزیہ انداز میں آپ کی صحت کے بارے میں پوچھ رہا ہے۔,ہاں یار، اب بہتر ہوں، لیکن اتنی جلدی بھی سب کچھ ٹھیک نہیں ہوتا۔
,,,,,,,,,,ہاں یار، اب کافی ٹھیک ہوں، لیکن تمہیں اتنی جلدی جواب چاہیے تو پہلے بتا دیا کرو۔
,,,,,,,,,,یار، ابھی مکمل ٹھیک نہیں ہوا۔
Urdu,Health Enquiry,دادی,پوتی,High,Formal,Caring reassurance,Positive,بیٹا، سنا ہے تمہاری طبیعت ٹھیک نہیں تھی۔ اب کیسی ہو؟,آپ گزشتہ چند دنوں سے طبیعت کی خرابی کی وجہ سے آرام کر رہی ہیں۔,جی دادی، اب پہلے سے بہتر ہوں۔ میری فکر کرنے کا بہت شکریہ۔
,,,,,,,,,,دادی، اب کافی بہتر ہوں۔
,,,,,,,,,,دادی، اب طبیعت ٹھیک ہے، آپ کو اتنی فکر کرنے کی ضرورت نہیں تھی۔
Urdu,Health Enquiry,خالہ,بھانجی,Medium,Formal,Caring response,Positive,اور سناؤ بیٹا، اب طبیعت بہتر ہوئی یا نہیں؟,آپ کی طبیعت گزشتہ چند دنوں سے ٹھیک نہیں ہے۔ آپ کی خالہ آپ کی خیریت دریافت کرنا چاہتی ہیں۔,الحمدللہ خالہ، اب کافی بہتر ہوں۔
,,,,,,,,,,خالہ، اب ٹھیک ہوں۔
,,,,,,,,,,خالہ، اب طبیعت بہتر ہے، لیکن آپ بار بار پوچھ کر مجھے مزید پریشان نہ کریں۔
Urdu,Health Enquiry,دوست,دوست,Low,Informal,Caring reassurance,Positive,یار، کئی دنوں سے تم نظر نہیں آئے۔ اب طبیعت کیسی ہے؟,آپ گزشتہ چند دنوں سے طبیعت کی خرابی کی وجہ سے یونیورسٹی نہیں آ سکے۔ آپ کا دوست آپ کی خیریت دریافت کرنے کے لیے آپ سے رابطہ کرنا چاہتا ہے۔,اب کافی بہتر ہوں یار، بس تھوڑا آرام کر رہا ہوں۔ ان شاء اللہ جلد یونیورسٹی آ جاؤں گا۔
,,,,,,,,,,اب بہتر ہوں، بس ابھی آرام کر رہا ہوں۔
,,,,,,,,,,یار، طبیعت تو ٹھیک ہے، تمہیں اتنی فکر کرنے کی ضرورت نہیں، جلد یونیورسٹی آ جاؤں گا۔
Urdu,Giving Orders & Commands,والد,بیٹا,High,Formal,Authoritative command,Neutral,یہ کام ابھی مکمل کرو۔,والد آپ کو ایک ضروری کام فوراً مکمل کرنے کی ہدایت دے رہے ہیں۔,جی ابو، ابھی کر دیتا ہوں۔
,,,,,,,,,,جی ابو، میں یہ کام ابھی نہیں کرنا چاہتا، بعد میں کر لوں گا۔
,,,,,,,,,,ابو، ابھی میرا دل نہیں ہے۔
Urdu,Giving Orders & Commands,والدہ,بیٹی,High,Informal,Household instruction,Positive,کچن صاف کر دو۔,والدہ گھر کے کام کے سلسلے میں آپ کو کچن صاف کرنے کی ہدایت دے رہی ہیں۔,جی امی، ابھی کچن صاف کر دیتی ہوں۔
,,,,,,,,,,جی امی، تھوڑی دیر میں کر دوں گی۔
,,,,,,,,,,جی امی۔
Urdu,Giving Orders & Commands,استاد,طالب علم,Medium,Formal,Academic directive,Neutral,یہ سوال بورڈ پر حل کرو۔,استاد کلاس میں آپ کو بورڈ پر سوال حل کرنے کی ہدایت دے رہے ہیں۔,جی سر، میں ابھی اس سوال کو حل کرنے کی کوشش کرتا ہوں۔
,,,,,,,,,,جی سر، میں بورڈ پر نہیں آنا چاہتا، آپ کسی اور طالب علم سے کروا لیں۔
,,,,,,,,,,سر، یہ سوال مجھے سمجھ نہیں آ رہا، آپ خود ہی حل کر دیں۔
Urdu,Giving Orders & Commands,افسر,ملازم,High,Formal,Professional order,Neutral,یہ رپورٹ آج ہی مکمل کرکے جمع کرائیں۔,افسرآپ کو ایک اہم رپورٹ وقت پر جمع کرانے کی ہدایت دے رہا ہے۔,جی سر، میں یہ رپورٹ آج ہی جمع کرا دوں گا۔
,,,,,,,,,,سر، رپورٹ آج مکمل کرنا میرے لیے ممکن نہیں، میں اسے کل جمع کرا دوں گا۔
,,,,,,,,,,سر، میں آج یہ کام نہیں کر پاؤں گا، باقی کام بھی کافی ضروری ہیں۔
Urdu,Giving Orders & Commands,دوست,دوست,Low,Informal,Friendly directive,Positive,یار، ذرا وہ فائل مجھے پکڑا دو۔,آپ دونوں ایک ساتھ کام کر رہے ہیں اور آپ کا دوست آپ سے فائل مانگ رہا ہے۔,بالکل، میں ابھی دے دیتا ہوں۔
,,,,,,,,,,ہاں یار، فائل لے رہا ہوں، لیکن خود آ کر لے لو، میں ابھی مصروف ہوں۔
,,,,,,,,,,یار، ابھی فائل دینے کا وقت نہیں، بعد میں دیکھتے ہیں۔
Urdu,Giving Orders & Commands,دوست,دوست,Low,Informal,Pushy command,Negative,بس چپ ہو جاؤ اور میری بات سنو۔,آپ کا دوست غصے یا جھنجھلاہٹ میں آپ کو خاموش رہنے کا کہہ رہا ہے۔,ٹھیک ہے یار، لیکن آرام سے بھی بات کر سکتے ہو۔
,,,,,,,,,,یار، پہلے ذرا خاموش ہو جاؤ۔
,,,,,,,,,,میں تمہاری بات ابھی نہیں سننا چاہتا، جب میرا موڈ ہوگا تب بات کریں گے۔
Urdu,Giving Orders & Commands,سینئر,جونیئر,High,Formal,Hierarchical command,Neutral,میٹنگ کے نوٹس فوراً بھیج دو۔,سینئر آپ سے میٹنگ کی دستاویزات جلد از جلد شیئر کرنے کا کہہ رہا ہے۔,جی سر، میں ابھی نوٹس بھیج دیتا ہوں۔
,,,,,,,,,,جی سر، میں یہ رپورٹ کل تک مکمل کر دوں گا۔
,,,,,,,,,,سر، آج یہ رپورٹ مکمل کرنا ممکن نہیں، میں اسے بعد میں جمع کرا دوں گا۔
Urdu,Giving Orders & Commands,سینئر,جونیئر,High,Formal,Harsh order,Negative,یہ کام دوبارہ کرنا پڑے گا۔,سینئر کام کے معیار سے مطمئن نہیں ہے اور  آپ کو اسے دوبارہ کرنے کا حکم دے رہا ہے۔,جی سر، میں اسے دوبارہ کر دیتا ہوں۔
,,,,,,,,,,سر، یہ کام دوبارہ کرنا پڑے گا تو میں پہلے اپنی مصروفیات دیکھ لوں، پھر شروع کرتا ہوں۔
,,,,,,,,,,جی سر، میں دوبارہ کر دوں گا، لیکن پچھلا کام بھی قابلِ قبول تھا۔
Urdu,Giving Orders & Commands,چچا,بھتیجا,High,Formal,Family authority,Positive,یہ سامان اندر رکھ دو۔,چچا گھر کے کام میں آپ سے مدد لے رہے ہیں۔,جی چچا جان، میں ابھی یہ سامان اندر رکھ دیتا ہوں۔
,,,,,,,,,,جی چچا جان، ابھی نہیں، یہ سامان بعد میں اندر رکھ دوں گا۔
,,,,,,,,,,چچا جان، آپ کسی اور سے کہہ دیں۔
Urdu,Giving Orders & Commands,ساس,بہو,High,Formal,Household control,Neutral,آج کھانا وقت پر تیار ہونا چاہیے۔,ساس گھر کے کام کاج کے حوالے سے آپ کو ہدایت دے رہی ہیں۔,جی امی جان، کھانا وقت پر تیار ہو جائے گا۔
,,,,,,,,,,جی امی جان، ابھی ممکن نہیں۔
,,,,,,,,,,امی جان، آج میرے لیے وقت پر کھانا بنانا مشکل ہے۔
Urdu,Giving Orders & Commands,بزرگ,نوجوان,High,Formal,Community instruction,Positive,دروازہ بند کر دو۔,ایک بزرگ آپ کو ایک معمولی کام انجام دینے کی ہدایت دے رہے ہیں۔,جی، ابھی دروازہ بند کر دیتا ہوں۔
,,,,,,,,,,جی، کرتا ہوں۔
,,,,,,,,,,جی، پہلے اپنا کام مکمل کر لوں، پھر دروازہ بند کر دوں گا۔
Urdu,Giving Orders & Commands,دوست,دوست,Low,Informal,Dismissive order,Negative,خود ہی کر لو، میرے پاس وقت نہیں ہے۔,آپ نے اپنے دوست سے مدد مانگی تھی، لیکن اس نے بے رخی سے جواب دیا۔,ٹھیک ہے یار، کوئی بات نہیں، خود ہی کر لیتا ہوں۔
,,,,,,,,,,یار، خود ہی کر لو۔
,,,,,,,,,,ہاں یار، ابھی میرے پاس وقت نہیں، کسی اور سے مدد مانگ لو۔
Urdu,Giving Orders & Commands,استاد,طالب علم,Medium,Formal,Strict discipline,Negative,خاموش رہو۔,استاد کلاس میں نظم و ضبط برقرار رکھنے کے لیے ایک طالب علم کو سختی سے خاموش رہنے کا کہہ رہے ہیں۔,جی سر، معذرت چاہتا ہوں، آئندہ اس بات کا خیال رکھوں گا۔
,,,,,,,,,,جی سر۔
,,,,,,,,,,سر،ایک ضروری بات کر رہا تھا۔
Urdu,Giving Orders & Commands,ساتھی,ساتھی,Medium,Formal,Task assignment,Positive,آپ یہ حصہ سنبھال لیں۔,ایک ساتھی مشترکہ کام کی تقسیم کرتے ہوئے آپ کو ایک مخصوص حصہ سنبھالنے کی ذمہ داری دے رہا ہے۔,ضرور، میں یہ کام سنبھال لیتا ہوں۔
,,,,,,,,,,ضرور، لیکن آپ یہ حصہ خود بھی سنبھال سکتے ہیں، میں ابھی مصروف ہوں۔
,,,,,,,,,,ٹھیک ہے، اگر آپ کہیں تو کر لیتا ہوں، لیکن یہ کام میری ذمہ داری نہیں ہے۔
Urdu,Giving Orders & Commands,بھائی,بہن,Medium,Informal,Protective instruction,Negative,ابھی باہر مت جاؤ۔,بھائی حفاظت کے پیش نظر آپ کو باہر جانے سے روک رہا ہے۔,اچھا، نہیں جاتی، لیکن مجھے جانا ضروری تھا۔
,,,,,,,,,,اچھا، لیکن مجھے واقعی باہر جانا ہے۔
,,,,,,,,,,بھائی، آپ کو میری فکر کرنے کی ضرورت نہیں۔
Urdu,Giving Orders & Commands,پرنسپل,استاد,High,Formal,Respectful compliance,Neutral,کل کی تقریب کے تمام انتظامات آپ سنبھالیں گے۔,آپ کے سکول میں کل ایک اہم تقریب منعقد ہونے والی ہے۔ پرنسپل چاہتے ہیں کہ آپ تقریب کے تمام انتظامات کی نگرانی کی ذمہ داری سنبھالیں۔,جی سر، ان شاء اللہ میں تمام انتظامات بخوبی سنبھال لوں گا۔
,,,,,,,,,,جی سر، میں ابھی انتظامات کی ذمہ داری نہیں لے سکتا، آپ کسی اور استاد کو کہہ دیں۔
,,,,,,,,,,سر، یہ تمام انتظامات میرے لیے ممکن نہیں، میں صرف کچھ کام ہی سنبھال سکتا ہوں۔
Urdu,Giving Orders & Commands,ٹیم لیڈر,ٹیم ممبر,Medium,Formal,Cooperative compliance,Neutral,سب سے پہلے یہ کام ختم کریں۔,آپ کی ٹیم ایک اہم منصوبے پر کام کر رہی ہے جسے جلد مکمل کرنا ہے۔ آپ کے ٹیم لیڈر چاہتے ہیں کہ آپ پہلے ایک ضروری کام مکمل کریں تاکہ باقی کام بروقت ہو سکیں۔,جی، میں پہلے یہی کام مکمل کر دیتا ہوں۔
,,,,,,,,,,جی سر، میں پہلے اپنا موجودہ کام مکمل کر لوں، پھر یہ کام شروع کرتا ہوں۔
,,,,,,,,,,سر، ابھی دوسرے کام بھی ہیں، یہ کام بعد میں کر لیتا ہوں۔
Urdu,Giving Orders & Commands,بڑا بھائی,چھوٹا بھائی,Low,Informal,Cooperative compliance,Neutral,ذرا ڈائننگ ٹیبل لگا دو، مہمان آنے والے ہیں۔,پ دونوں گھر پر موجود ہیں اور مہمانوں کی آمد سے پہلے کچھ تیاری باقی ہے۔ آپ کے بڑے بھائی گھر کے کام سمیٹ رہے ہیں۔,ٹھیک ہے بھائی، میں ابھی ڈائننگ ٹیبل لگا دیتا ہوں۔
,,,,,,,,,,ٹھیک ہے بھائی، لیکن ابھی میرا کام ختم نہیں ہوا، تم خود ٹیبل لگا لو۔
,,,,,,,,,,بھائی، ابھی وقت نہیں ہے، مہمان آ جائیں تو پھر دیکھیں گے۔
Urdu,Expressing Gratitude,دوست,دوست,Low,Informal,Warm thanks,Positive,یار، میں نے آج  تمہارا کام مکمل کر دیا۔,آپ کے دوست نے اپنی مصروفیات کے باوجود آپ کی مدد کے لیے وقت نکالا ہے۔,یار، تمہارا دل سے شکریہ، تم نے واقعی میرے لیے بہت وقت نکالا۔
,,,,,,,,,,بہت شکریہ، تمہارا۔
,,,,,,,,,,یار، تمہاری مدد کا شکریہ۔
Urdu,Expressing Gratitude,دوست,دوست,Low,Informal,Casual thanks,Neutral,میں تمہارے لیے نوٹس لے آیا ہوں۔,آپ کا دوست آپ کی غیر موجودگی میں آپ کے لیے نوٹس لے آیا ہے۔,بہت شکریہ یار، تم نے میری بڑی مدد کر دی۔
,,,,,,,,,,ہاں یار، نوٹس لے آئے ہو تو ٹھیک ہے، میں خود بھی حاصل کر سکتا تھا۔
,,,,,,,,,,اچھا، نوٹس مل گئے۔
Urdu,Expressing Gratitude,والد,بیٹا,High,Formal,Respectful gratitude,Positive,میں تمہارے ضروری کاغذات دفتر جا کر جمع کرا آیا ہوں۔,آپ کے والد نے آپ کا ایک ضروری کام مکمل کر دیا ہے۔,بہت شکریہ ابو، آپ نے میری بڑی مشکل آسان کر دی۔
,,,,,,,,,,جی ابو، لیکن یہ کام تو مجھے خود ہی کرنا چاہیے تھا، آپ نے زحمت کیوں کی؟
,,,,,,,,,,ابو، آپ نے کاغذات جمع کرا دیے تو ٹھیک ہے، آئندہ مجھے خود ہی یہ کام کرنے دیں۔
Urdu,Expressing Gratitude,والدہ,بیٹی,High,Informal,Affectionate thanks,Positive,بیٹا، میں کل رات تمہارے پاس ہی تھی تاکہ تمہیں کسی چیز کی ضرورت نہ ہو۔,والدہ بیماری کے دوران آپ کی دیکھ بھال کے لیے جاگتی رہی ہیں۔,امی، آپ کا بہت شکریہ، آپ نے میرا بہت خیال رکھا۔
,,,,,,,,,,امی، آپ کو ساری رات جاگنے کی ضرورت نہیں تھی۔
,,,,,,,,,,شکریہ امی، لیکن آئندہ میرے لیے اتنی زحمت کرنے کی ضرورت نہیں ہے۔
Urdu,Expressing Gratitude,استاد,طالب علم,Medium,Formal,Humble gratitude,Positive,امید ہے اب تمہیں یہ موضوع اچھی طرح سمجھ آ گیا ہوگا۔,استاد نے آپ کی تعلیمی مدد کے لیے اضافی وقت دیا ہے۔,سر، آپ کا بہت شکریہ، آپ کی مدد سے مجھے یہ موضوع اچھی طرح سمجھ آ گیا۔
,,,,,,,,,,جی سر، شکریہ۔
,,,,,,,,,,جی سر، اب مجھے مزید رہنمائی کی ضرورت نہیں۔
Urdu,Expressing Gratitude,طالب علم,استاد,High,Formal,Formal thanks,Neutral,اگر تمہیں مزید کچھ پوچھنا ہو تو تم میرے دفتر آ سکتے ہو۔,استاد نے آپ کو اضافی رہنمائی اور مشورے دیے ہیں اور مزید مدد کی پیشکش کر رہے ہیں۔,سر، آپ کی رہنمائی اور تعاون کا بہت شکریہ۔
,,,,,,,,,,جی سر، شکریہ۔
,,,,,,,,,,سر، آپ نے جو بتایا وہ ٹھیک تھا۔
Urdu,Expressing Gratitude,پڑوسی,پڑوسی,Medium,Formal,Polite thanks,Positive,مجھے خوشی ہے کہ میں وقت پر آپ کی مدد کر سکا۔,آپ کے پڑوسی نے ضرورت کے وقت آپ کی مدد کی ہے۔,آپ کا بہت شکریہ، آپ کی بروقت مدد میرے بہت کام آئی۔
,,,,,,,,,,شکریہ۔
,,,,,,,,,,اچھا، کام کر دیا ہے شکریہ۔
Urdu,Expressing Gratitude,دوست,دوست,Low,Informal,Overdone thanks,Negative,یہ لو، میں نے تمہاری اسائنمنٹ کر دی تھی۔,آپ کے دوست نے آپ کی اسائنمنٹ مکمل کر دی کیونکہ آپ گھر کے ایک ضروری کام میں مصروف تھے۔,یار، تمہارا بہت شکریہ، ورنہ مجھے اس کی بہت ٹینشن تھی۔
,,,,,,,,,,بہت شکریہ یہ سب کرنے کی ضرورت نہیں تھی۔
,,,,,,,,,,اچھا، نوٹس لے آئے ہو، رکھ دو۔
Urdu,Expressing Gratitude,سینئر,جونیئر,High,Formal,Acknowledgment,Neutral,آپ نے بہت محنت کی ہے، جو صاف نظر آ رہی ہے۔,سینئر آپ کی کارکردگی اور محنت کو سراہ رہے ہیں۔,شکریہ سر۔ یہ سب آپ کی رہنمائی کا نتیجہ ہے۔
,,,,,,,,,,شکریہ سر، لیکن مجھے نہیں لگتا کہ میں نے اتنی محنت کی ہے جتنی آپ کہہ رہے ہیں۔
,,,,,,,,,,سر، یہ تو میری ذمہ داری تھی۔
Urdu,Expressing Gratitude,بزرگ رشتہ دار,نوجوان,High,Formal,Traditional gratitude,Neutral,میں ہمیشہ تمہاری کامیابی اور بھلائی کے لیے دعا کرتا ہوں۔,ایک بزرگ رشتہ دار محبت اور خیر خواہی کے ساتھ آپ کے لیے دعائیں کرتے ہیں۔,اللہ آپ کو جزائے خیر دے، آپ کی دعائیں میرے لیے بہت قیمتی ہیں۔
,,,,,,,,,,اللہ آپ کو خوش رکھے۔
,,,,,,,,,,آپ کی دعاؤں کا شکریہ۔
Urdu,Expressing Gratitude,دوست,دوست,Low,Informal,Teasing thanks,Neutral,یہ لو، میں تمہارے لیے چائے بھی لے آیا ہوں۔,آپ کے دوست نے مذاق اور دوستانہ انداز میں آپ کی ایک چھوٹی سی مدد کی ہے۔,واہ جناب، آج تو بڑے مہربان لگ رہے ہیں، شکریہ!
,,,,,,,,,,واہ یار، چائے تو لے آئے، اب یہ بھی بتاؤ بل کون دے گا؟
,,,,,,,,,,شکریہ یار، لیکن اگلی بار چائے لانے کی زحمت نہ کرنا۔
Urdu,Expressing Gratitude,دوست,دوست,Low,Informal,Reluctant thanks,Negative,آخرکار تمہارا کام کر ہی آیا ہوں۔,آپ کے دوست نے مدد کی ہے، لیکن کافی تاخیر اور ہچکچاہٹ کے بعد۔,ٹھیک ہے یار، شکریہ، لیکن مجھے کافی انتظار کرنا پڑا۔
,,,,,,,,,,یار، آخرکار کر ہی دیا، لیکن اتنی دیر لگا دی کہ اب شکریہ کہنے کا بھی دل نہیں کر رہا۔
,,,,,,,,,,ٹھیک ہے یار، کام تو کر دیا، لیکن آئندہ اتنی دیر سے مدد مت کرنا۔
Urdu,Expressing Gratitude,افسر,ملازم,High,Formal,Professional appreciation,Negative,اس بار میں نے آپ کی غلطی کے باوجود معاملہ انتظامیہ تک نہیں جانے دیا۔,آپ سے کام میں ایک سنگین غلطی ہوئی تھی، لیکن افسر نے آپ کو ایک اور موقع دیا اور معاملہ مزید آگے نہیں بڑھایا۔,بہت شکریہ سر، میں آپ کے اعتماد اور تعاون کی قدر کرتا ہوں، آئندہ ایسی غلطی نہیں ہوگی۔
,,,,,,,,,,شکریہ سر، لیکن میں سمجھتا ہوں کہ آپ نے صرف اپنا فرض ادا کیا ہے۔
,,,,,,,,,,سر، ٹھیک ہے آپ نے معاملہ آگے نہیں بڑھایا، لیکن مجھے اس پر اتنا شکریہ ادا کرنے کی ضرورت محسوس نہیں ہوتی۔
Urdu,Expressing Gratitude,ساتھی,ساتھی,Medium,Formal,Workplace thanks,Negative,میں نے آپ کا کام بھی مکمل کر دیا تھا۔,آپ طبیعت کی خرابی کی وجہ سے ایک دن دفتر نہیں جا سکے، تو آپ کے ساتھی نے آپ کا کام مکمل کر دیا۔,آپ کا بے حد شکریہ آپ نے واقعی میں میری بہت مدد کی۔
,,,,,,,,,,آپ کا شکریہ، لیکن میں خود بھی اپنا کام کر سکتا تھا۔
,,,,,,,,,,شکریہ، لیکن آئندہ میرا کام خود سے مکمل کرنے کی ضرورت نہیں، پہلے مجھ سے پوچھ لیا کریں۔
Urdu,Expressing Gratitude,بھائی,بہن,Medium,Informal,Familial gratitude,Negative,میں نے گھر کے سارے کام سنبھال لیے تھے تاکہ تم آرام کر سکو۔,آپ کی طبیعت خراب تھی اور آپ کی بہن نے آپ کی ذمہ داریاں سنبھال لیں۔,بہت شکریہ، تم نے میری بہت بڑی پریشانی کم کر دی۔
,,,,,,,,,,بہت شکریہ۔
,,,,,,,,,,اچھا یار، کام کر دیا ہے تو ٹھیک ہے۔
Urdu,Expressing Gratitude,استاد,طالب علم,High,Formal,Grateful acknowledgment,Positive,امید ہے میری رہنمائی سے تمہاری امتحان کی تیاری اچھی ہوئی ہوگی۔,آپ کے طالب علم نے امتحان میں اچھی کارکردگی دکھائی ہے۔ نتائج آنے کے بعد وہ آپ سے ملنے آتا ہے۔,جی سر، الحمدللہ بہت اچھا ہوا۔ آپ کی رہنمائی کا بہت شکریہ۔
,,,,,,,,,,جی سر، ٹھیک ہے، لیکن زیادہ فرق نہیں پڑا۔
,,,,,,,,,,شکریہ سر۔
Urdu,Expressing Gratitude,ٹیکسی ڈرائیور,مسافر,Medium,Formal,Grateful reciprocity,Positive,شکریہ جناب، امید ہے سفر آپ کے لیے آرام دہ رہا ہوگا۔,آپ نے اپنے مسافر کو آرام سے اور محفوظ طریقے سے اس کی منزل تک پہنچایا ہے۔,جی بالکل، بہت شکریہ۔ یہ آپ کی اچھی خدمت کے لیے ایک چھوٹی سی ٹپ ہے، براہِ کرم قبول کیجیے۔
,,,,,,,,,,جی جناب، شکریہ۔
,,,,,,,,,,جی، کافی اچھا سفر رہا، شکریہ۔
Urdu,Expressing Gratitude,کزن,کزن,Low,Informal,Grateful acknowledgment,Positive,ارے، کیسے ہو؟ امید ہے تمہارا کام اچھی طرح ہو گیا ہوگا۔,ایک ضروری موقع پر آپ کے کزن نے ایک ضروری موقع پر آپ کی مدد کی تھی۔ کچھ عرصے بعد آپ ان سے ملتے ہیں اور وہ آپ کی خیریت دریافت کرتے ہیں۔,الحمدللہ یار، سب ٹھیک ہے۔ تمہاری مدد سے میرا کام بہت آسان ہو گیا تھا، اس کے لیے دل سے تمہارا بہت شکریہ۔
,,,,,,,,,,الحمدللہ سب ٹھیک ہے یار، تم نے مدد کی تھی لیکن میں نے باقی کام خود ہی کر لیا تھا۔
,,,,,,,,,,ہاں، تمہاری مدد سے تھوڑا بہت فرق پڑ گیا تھا، شکریہ۔
Urdu,Negotiating Favors,دوست,دوست,Low,Informal,Friendly negotiation,Positive,یار، اگر ضرورت ہو تو میں تمہاری مدد کر دیتا ہوں۔,آپ کا دوست آپ کی مدد کی پیشکش کر رہا ہے کیونکہ آپ کسی اور کام میں مصروف ہیں۔,ارے نہیں یار، تم کیوں زحمت کرو گے، لیکن تمہاری پیشکش کا بہت شکریہ۔
,,,,,,,,,,نہیں یار، میں خود ہی کر لوں گا۔
,,,,,,,,,,ٹھیک ہے یار، اگر تم فارغ ہو تو کر دو، لیکن اتنی بھی جلدی نہیں ہے۔
Urdu,Negotiating Favors,دوست,دوست,Low,Informal,Casual bargaining,Neutral,چلو، میں تمہارا کچھ کام کم کر دیتا ہوں۔,آپ کا دوست کام میں آپ کی مدد کی پیشکش کر رہا ہے۔,نہیں یار، اتنی زحمت کی ضرورت نہیں، میں سنبھال لوں گا۔
,,,,,,,,,,نہیں یار، تم اپنی مصروفیت دیکھو، مجھے تمہاری مدد کی کوئی خاص ضرورت نہیں۔
,,,,,,,,,,میں خود ہی یہ کام مکمل کر لوں گا۔
Urdu,Negotiating Favors,جونیئر,سینئر,Medium,Formal,Respectful request,Positive,سر، اگر آپ اجازت دیں تو میں آج اضافی وقت دے کر یہ کام مکمل کر دیتا ہوں۔,آپ کا جونیئر احترام کے ساتھ آپ کو مدد کی پیشکش کر رہا ہے تاکہ آپ کا کام آسان ہو جائے۔,آپ کی مہربانی، لیکن آپ کو زیادہ دیر رکنے کی ضرورت نہیں، میں سنبھال لوں گا۔
,,,,,,,,,,آپ کو اتنی دیر رکنے کی ضرورت نہیں، میں یہ کام خود سنبھال لوں گا۔
,,,,,,,,,,مہربانی، لیکن بہتر ہوگا کہ آپ اپنا کام کریں اور مجھے یہ ذمہ داری خود پوری کرنے دیں۔
Urdu,Negotiating Favors,جونیئر,سینئر,Medium,Formal,Deferential negotiation,Neutral,سر، اگر آپ اجازت دیں تو میں اس کام میں کچھ مدد کر دیتا ہوں۔,آپ نے دیکھا کہ آپ کے سینئر پر کام کا دباؤ ہے، اس لیے آپ احترام کے ساتھ مدد کی پیشکش کر رہے ہیں۔,آپ کی پیشکش کا شکریہ، لیکن خود کو زیادہ زحمت نہ دیں۔
,,,,,,,,,,میں سمجھتا ہوں کہ آپ خود بھی یہ کام سنبھال سکتے ہیں۔
,,,,,,,,,,فی الحال مجھے آپ کی مدد کی ضرورت نہیں ہے۔
Urdu,Negotiating Favors,کزن,کزن,Low,Informal,Familial favor,Positive,یار، اگر تم چاہو تو میری گاڑی استعمال کر سکتے ہو۔,آپ کا کزن آپ کی مدد کے لیے اپنی گاڑی دینے کی پیشکش کر رہا ہے۔,ارے نہیں یار، تم کیوں زحمت کرو گے، میں خود انتظام کر لوں گا۔
,,,,,,,,,,نہیں یار، گاڑی کی ضرورت نہیں۔
,,,,,,,,,,ٹھیک ہے یار، اگر گاڑی دینی ہی ہے تو دے دو۔
Urdu,Negotiating Favors,کزن,کزن,Low,Informal,Pushy favor,Negative,یار، میں نے کہا نا، یہ کام میں کر دوں گا۔,آپ کا کزن بار بار آپ کی مدد کرنے پر اصرار کر رہا ہے، حالانکہ آپ کئی بار انکار کر چکے ہیں۔,آپ کی مہربانی، لیکن واقعی اس کی ضرورت نہیں، میں خود سنبھال لوں گا۔
,,,,,,,,,,یار، میں نے کہا نا مجھے تمہاری مدد کی ضرورت نہیں۔
,,,,,,,,,,اچھا ٹھیک ہے، اگر تم اتنا اصرار کر رہے ہو تو کر دو، ورنہ میں خود ہی کر لیتا۔
Urdu,Negotiating Favors,پڑوسی,پڑوسی,Medium,Formal,Polite negotiation,Positive,اگر آپ کو کسی مدد کی ضرورت ہو تو میں حاضر ہوں۔,آپ کا پڑوسی شادی کی تقریبات میں آپ کی مدد کرنے کی پیشکش کر رہا ہے۔,آپ کی بہت مہربانی، لیکن آپ کو تکلیف دینے کی ضرورت نہیں۔
,,,,,,,,,,مجھے آپ کی مدد کی ضرورت نہیں، میں خود سنبھال لوں گا۔
,,,,,,,,,,نہیں، آپ کا بہت شکریہ۔
Urdu,Negotiating Favors,طالب علم,استاد,Medium,Formal,Hesitant request,Neutral,سر، میں یہ کتابیں آپ کے دفتر رکھ آتا ہوں۔,آپ استاد کی مدد کرنے کی پیشکش کر رہے ہیں۔,بیٹا، بہت شکریہ، میں خود سنبھال لوں گا۔
,,,,,,,,,,جی لیکن بہتر ہوگا کہ آپ اپنا کام کریں، میں یہ خود مکمل کر لوں گا۔
,,,,,,,,,,ہاں، ضرور۔
Urdu,Negotiating Favors,والد,بیٹا,High,Formal,Authority-based negotiation,Negative,میں نے کہا نا، یہ کام میں کر دوں گا، تم فکر نہ کرو۔,آپ کے والد بار بار آپ کی مدد کرنے پر اصرار کر رہے ہیں، جبکہ آپ خود کام کرنا چاہتے ہیں۔,ابو، آپ کا بہت شکریہ، لیکن واقعی اس کی ضرورت نہیں، میں سنبھال لوں گا۔
,,,,,,,,,,ٹھیک ہے، اگر آپ مدد کرنا چاہتے ہیں تو کر دیں، ویسے میں خود بھی یہ کام کر سکتا ہوں۔
,,,,,,,,,,ابو، شکریہ، لیکن میں یہ کام خود کر سکتا ہوں۔
Urdu,Negotiating Favors,والدہ,بیٹی,High,Informal,Emotional appeal,Positive,بیٹا، اگر تم تھک گئی ہو تو میں یہ کام کر دیتی ہوں۔,آپ کی والدہ آپ کا بوجھ کم کرنے کی پیشکش کر رہی ہیں۔,امی، آپ کی بہت مہربانی، لیکن میں خود کر لوں گی۔
,,,,,,,,,,امی، میں خود ہی یہ کام کر لوں گی۔
,,,,,,,,,,امی، رہنے دیں، میں کر لوں گی۔
Urdu,Negotiating Favors,ملازم,افسر,Medium,Formal,Persistent Offer,Negative,میں نے کہا نا، میں خود تمہاری فائل مکمل کروا دوں گا۔,آپ کے افسر بار بار آپ کی مدد کرنے پر اصرار کر رہے ہیں، حالانکہ آپ خود کام مکمل کرنا چاہتے ہیں۔,سر، آپ کی مہربانی، لیکن براہِ کرم اس کی فکر نہ کریں، میں خود یہ کام مکمل کر لوں گا۔
,,,,,,,,,,نہیں، میں اپنی فائل خود ہی مکمل کر لوں گا۔
,,,,,,,,,,سر، میں چاہتا ہوں کہ یہ کام خود مکمل کروں۔
Urdu,Negotiating Favors,بزرگ رشتہ دار,نوجوان,High,Formal,Insistent Favor,Negative,میں تمہارے ساتھ چلوں گا، اکیلے جانے کی ضرورت نہیں۔,ایک بزرگ رشتہ دار بار بار آپ کے ساتھ جانے پر اصرار کر رہے ہیں، جبکہ آپ خود جانا چاہتے ہیں۔,آپ کی فکر کا بہت شکریہ، لیکن واقعی میں خود سنبھال لوں گا۔
,,,,,,,,,,آمیں اکیلا ہی چلا جاؤں گا، آپ کو ساتھ آنے کی ضرورت نہیں۔
,,,,,,,,,,شکریہ، میں خود سنبھال لوں گا۔
Urdu,Negotiating Favors,ساس,بہو,High,Formal,Overbearing Help,Negative,یہ کام تم چھوڑ دو، میں خود کر دیتی ہوں۔,آپ کی ساس بار بار آپ کے کام میں مداخلت کرتے ہوئے مدد کی پیشکش کر رہی ہیں، جبکہ آپ خود کام مکمل کرنا چاہتی ہیں۔,امی جان، آپ کی مہربانی، لیکن میں یہ کام خود کر لوں گی۔
,,,,,,,,,,امی جان، میں خود کر لوں گی، آپ کو بار بار یہ کام کرنے کی ضرورت نہیں۔
,,,,,,,,,,امی جان، رہنے دیں، یہ کام میں خود ہی مکمل کر لوں گی۔
Urdu,Negotiating Favors,ساتھی,ساتھی,Medium,Formal,Courteous Assistance,Neutral,اگر آپ چاہیں تو میں یہ رپورٹ چیک کر دیتا ہوں۔,آپ کا ساتھی کام میں مدد کی پیشکش کر رہا ہے۔,آپ کی مہربانی، لیکن میں پہلے خود ایک بار دیکھ لیتا ہوں۔
,,,,,,,,,,میں خود ہی رپورٹ چیک کر لوں گا، آپ کو زحمت دینے کی ضرورت نہیں۔
,,,,,,,,,,شکریہ، لیکن بہتر ہوگا کہ میں پہلے خود رپورٹ دیکھ لوں ۔
Urdu,Negotiating Favors,چچا,بھتیجا,Medium,Formal,Family Assistance,Neutral,رات بہت ہو گئی ہے، میں تمہیں گھر چھوڑ آتا ہوں۔,آپ کے چچا رات کو آپ کے دیر سے گھر جانے پر فکر مند ہیں اور آپ کو گھر چھوڑنے کی پیشکش کر رہے ہیں۔,چچا جان، آپ کی بہت مہربانی، لیکن آپ کو زحمت دینے کی ضرورت نہیں، میں خود چلا جاؤں گا۔
,,,,,,,,,,چچا جان، میں خود چلا جاؤں گا، آپ کو میرے ساتھ آنے کی ضرورت نہیں۔
,,,,,,,,,,چچا جان، اتنی رات بھی نہیں ہوئی ۔
Urdu,Negotiating Favors,چچا,بھتیجا,High,Formal,Deferential refusal,Neutral,بیٹا، اگر چاہو تو میں اس کام میں تمہاری مدد کر دیتا ہوں۔,آپ ایک ضروری کام میں مصروف ہیں اور آپ کے چچا آپ کی مصروفیت دیکھ کر آپ کی مدد کرنا چاہتے ہیں۔,چچا جان، آپ کی بہت مہربانی، مگر آپ زحمت نہ کریں۔ میں یہ کام خود مکمل کر لوں گا، اگر ضرورت پڑی تو ضرور آپ سے مدد لے لوں گا۔
,,,,,,,,,,بہت شکریہ، لیکن میں یہ کام خود ہی کر لوں گا۔
,,,,,,,,,,چچا جان، مجھے آپ کی مدد کی ضرورت نہیں، میں خود سنبھال لوں گا۔
Urdu,Negotiating Favors,سینئر ساتھی,جونیئر ساتھی,Medium,Formal,Polite refusal,Neutral,تم ایسا کرو، اب چھٹی کر لو۔ باقی کام میں خود سنبھال لیتا ہوں۔,آپ کے آج دفتر میں معمول سے زیادہ دیر تک رکنے پر آپ کے سینئر محسوس کرتے ہیں کہ آپ پر کام کا بوجھ زیادہ ہے۔,سر، آپ کی بہت مہربانی، لیکن ابھی اتنا کام باقی نہیں ہے۔ میں خود اسے مکمل کر لوں گا، آپ زحمت نہ کریں۔
,,,,,,,,,,سر، کام میں خود مکمل کر سکتا ہوں، آپ کو اس کی فکر کرنے کی ضرورت نہیں۔
,,,,,,,,,,سر، میں ابھی یہ کام خود کرنا چاہتا ہوں۔
Urdu,Negotiating Favors,روم میٹ,روم میٹ,Low,Informal,Grateful refusal,Neutral,اگر تمہیں مدد چاہیے تو میں حاضر ہوں۔,آپ اپنی اسائنمنٹ مکمل کرنے میں مصروف ہیں اور وقت کم ہونے کی وجہ سے کافی دباؤ محسوس کر رہے ہیں۔,نہیں یار، شکریہ! بس تقریباً ختم ہی ہو گیا ہے۔
,,,,,,,,,,نہیں ، تم رہنے دو، میں خود ہی کر لوں گا۔
,,,,,,,,,,یار، مجھے مدد کی ضرورت نہیں، میں اپنی اسائنمنٹ خود مکمل کر لوں گا۔